id,y_pred,y_pred_p10,y_pred_p90
2025-04-10T21:00:00Z,95.06,66.25,120.12
2025-04-10T22:00:00Z,93.23,59.75,120.52
2025-04-10T23:00:00Z,88.74,55.39,118.02
2025-04-11T00:00:00Z,88.25,53.11,117.8
2025-04-11T01:00:00Z,87.07,52.73,116.6
2025-04-11T02:00:00Z,87.62,53.94,116.04
2025-04-11T03:00:00Z,98.39,64.79,124.04
2025-04-11T04:00:00Z,123.1,88.92,153.2
2025-04-11T05:00:00Z,140.11,99.46,175.78
2025-04-11T06:00:00Z,122.29,83.86,158.55
2025-04-11T07:00:00Z,94.39,54.43,125.46
2025-04-11T08:00:00Z,79.46,37.94,112.86
2025-04-11T09:00:00Z,52.37,10.88,84.46
2025-04-11T10:00:00Z,15.76,-25.07,49.79
2025-04-11T11:00:00Z,3.33,-37.0,38.84
2025-04-11T12:00:00Z,0.82,-40.71,39.9
2025-04-11T13:00:00Z,4.37,-38.78,38.6
2025-04-11T14:00:00Z,27.52,-15.53,62.0
2025-04-11T15:00:00Z,63.39,13.31,99.27
2025-04-11T16:00:00Z,102.4,54.25,141.81
2025-04-11T17:00:00Z,139.31,93.11,181.61
2025-04-11T18:00:00Z,133.14,92.68,171.06
2025-04-11T19:00:00Z,104.92,72.36,133.13
2025-04-11T20:00:00Z,102.54,74.23,129.75
2025-04-11T21:00:00Z,93.56,64.75,118.61
2025-04-11T22:00:00Z,79.28,45.8,106.57
2025-04-11T23:00:00Z,72.36,39.01,101.64
2025-04-12T00:00:00Z,70.63,35.5,100.18
2025-04-12T01:00:00Z,71.65,37.31,101.18
2025-04-12T02:00:00Z,67.41,33.74,95.83
2025-04-12T03:00:00Z,71.49,37.89,97.13
2025-04-12T04:00:00Z,76.76,42.58,106.86
2025-04-12T05:00:00Z,94.89,54.24,130.56
2025-04-12T06:00:00Z,76.0,37.57,112.26
2025-04-12T07:00:00Z,45.87,5.91,76.94
2025-04-12T08:00:00Z,12.05,-29.48,45.44
2025-04-12T09:00:00Z,-1.97,-43.45,30.12
2025-04-12T10:00:00Z,-7.01,-47.83,27.02
2025-04-12T11:00:00Z,-24.82,-65.14,10.69
2025-04-12T12:00:00Z,-28.19,-69.72,10.89
2025-04-12T13:00:00Z,-23.67,-66.81,10.57
2025-04-12T14:00:00Z,-8.19,-51.24,26.29
2025-04-12T15:00:00Z,28.38,-21.7,64.25
2025-04-12T16:00:00Z,87.94,39.79,127.35
2025-04-12T17:00:00Z,120.24,74.05,162.54
2025-04-12T18:00:00Z,128.46,87.99,166.37
2025-04-12T19:00:00Z,116.22,83.66,144.43
2025-04-12T20:00:00Z,98.72,70.41,125.93
2025-04-12T21:00:00Z,87.02,58.21,112.08
2025-04-12T22:00:00Z,80.59,47.11,107.88
2025-04-12T23:00:00Z,72.47,39.12,101.75
2025-04-13T00:00:00Z,62.6,27.47,92.16
2025-04-13T01:00:00Z,63.23,28.89,92.76
2025-04-13T02:00:00Z,59.57,25.89,87.99
2025-04-13T03:00:00Z,60.01,26.41,85.65
2025-04-13T04:00:00Z,73.64,39.46,103.74
2025-04-13T05:00:00Z,74.66,34.01,110.34
2025-04-13T06:00:00Z,57.31,18.88,93.57
2025-04-13T07:00:00Z,29.97,-9.99,61.04
2025-04-13T08:00:00Z,1.71,-39.82,35.1
2025-04-13T09:00:00Z,-20.61,-62.1,11.48
2025-04-13T10:00:00Z,-29.23,-70.06,4.8
2025-04-13T11:00:00Z,-43.45,-83.78,-7.95
2025-04-13T12:00:00Z,-50.08,-91.61,-11.0
2025-04-13T13:00:00Z,-45.59,-88.74,-11.36
2025-04-13T14:00:00Z,-25.8,-68.85,8.69
2025-04-13T15:00:00Z,12.85,-37.23,48.73
2025-04-13T16:00:00Z,74.42,26.26,113.83
2025-04-13T17:00:00Z,122.68,76.49,164.98
2025-04-13T18:00:00Z,116.41,75.94,154.32
2025-04-13T19:00:00Z,101.81,69.25,130.02
2025-04-13T20:00:00Z,90.4,62.09,117.61
2025-04-13T21:00:00Z,87.98,59.17,113.03
2025-04-13T22:00:00Z,72.22,38.74,99.51
2025-04-13T23:00:00Z,64.87,31.52,94.15
2025-04-14T00:00:00Z,63.68,28.55,93.24
2025-04-14T01:00:00Z,63.02,28.68,92.55
2025-04-14T02:00:00Z,68.82,35.14,97.24
2025-04-14T03:00:00Z,87.05,53.45,112.69
2025-04-14T04:00:00Z,124.36,90.17,154.46
2025-04-14T05:00:00Z,142.18,101.53,177.86
2025-04-14T06:00:00Z,118.96,80.54,155.23
2025-04-14T07:00:00Z,97.5,57.54,128.57
2025-04-14T08:00:00Z,71.61,30.08,105.0
2025-04-14T09:00:00Z,61.58,20.09,93.66
2025-04-14T10:00:00Z,57.0,16.18,91.03
2025-04-14T11:00:00Z,55.88,15.56,91.39
2025-04-14T12:00:00Z,52.99,11.46,92.07
2025-04-14T13:00:00Z,66.59,23.45,100.83
2025-04-14T14:00:00Z,80.38,37.32,114.86
2025-04-14T15:00:00Z,96.45,46.36,132.32
2025-04-14T16:00:00Z,145.22,97.06,184.62
2025-04-14T17:00:00Z,177.57,131.38,219.87
2025-04-14T18:00:00Z,181.42,140.95,219.33
2025-04-14T19:00:00Z,141.55,108.99,169.76
2025-04-14T20:00:00Z,125.95,97.64,153.17
2025-04-14T21:00:00Z,105.72,76.91,130.77
2025-04-14T22:00:00Z,101.65,68.17,128.94
2025-04-14T23:00:00Z,93.21,59.86,122.49
2025-04-15T00:00:00Z,91.79,56.65,121.34
2025-04-15T01:00:00Z,90.62,56.28,120.15
2025-04-15T02:00:00Z,93.1,59.42,121.51
2025-04-15T03:00:00Z,100.84,67.24,126.49
2025-04-15T04:00:00Z,142.65,108.47,172.75
2025-04-15T05:00:00Z,174.49,133.84,210.16
2025-04-15T06:00:00Z,150.43,112.0,186.69
2025-04-15T07:00:00Z,115.23,75.27,146.3
2025-04-15T08:00:00Z,86.31,44.79,119.71
2025-04-15T09:00:00Z,75.93,34.45,108.02
2025-04-15T10:00:00Z,58.3,17.47,92.32
2025-04-15T11:00:00Z,49.31,8.98,84.81
2025-04-15T12:00:00Z,46.59,5.06,85.67
2025-04-15T13:00:00Z,61.06,17.92,95.3
2025-04-15T14:00:00Z,76.82,33.77,111.3
2025-04-15T15:00:00Z,91.29,41.21,127.17
2025-04-15T16:00:00Z,117.22,69.06,156.63
2025-04-15T17:00:00Z,160.88,114.68,203.18
2025-04-15T18:00:00Z,154.19,113.73,192.11
2025-04-15T19:00:00Z,120.32,87.76,148.53
2025-04-15T20:00:00Z,101.13,72.82,128.34
2025-04-15T21:00:00Z,86.09,57.29,111.15
2025-04-15T22:00:00Z,69.34,35.86,96.63
2025-04-15T23:00:00Z,65.57,32.22,94.85
2025-04-16T00:00:00Z,61.24,26.11,90.79
2025-04-16T01:00:00Z,62.1,27.76,91.63
2025-04-16T02:00:00Z,64.25,30.57,92.67
2025-04-16T03:00:00Z,81.26,47.66,106.9
2025-04-16T04:00:00Z,106.04,71.85,136.14
2025-04-16T05:00:00Z,114.87,74.22,150.55
2025-04-16T06:00:00Z,106.14,67.71,142.4
2025-04-16T07:00:00Z,74.88,34.92,105.95
2025-04-16T08:00:00Z,54.72,13.19,88.11
2025-04-16T09:00:00Z,32.87,-8.61,64.96
2025-04-16T10:00:00Z,20.88,-19.95,54.91
2025-04-16T11:00:00Z,18.36,-21.97,53.87
2025-04-16T12:00:00Z,19.66,-21.87,58.74
2025-04-16T13:00:00Z,45.54,2.4,79.78
2025-04-16T14:00:00Z,66.25,23.19,100.73
2025-04-16T15:00:00Z,87.47,37.38,123.34
2025-04-16T16:00:00Z,112.01,63.85,151.42
2025-04-16T17:00:00Z,145.46,99.27,187.76
2025-04-16T18:00:00Z,146.15,105.69,184.07
2025-04-16T19:00:00Z,112.49,79.93,140.7
2025-04-16T20:00:00Z,101.14,72.83,128.35
2025-04-16T21:00:00Z,90.44,61.63,115.49
2025-04-16T22:00:00Z,82.91,49.43,110.2
2025-04-16T23:00:00Z,76.36,43.01,105.65
2025-04-17T00:00:00Z,77.84,42.71,107.39
2025-04-17T01:00:00Z,78.66,44.32,108.19
2025-04-17T02:00:00Z,80.19,46.51,108.6
2025-04-17T03:00:00Z,91.14,57.54,116.78
2025-04-17T04:00:00Z,119.49,85.3,149.59
2025-04-17T05:00:00Z,140.42,99.77,176.09
2025-04-17T06:00:00Z,116.2,77.77,152.46
2025-04-17T07:00:00Z,87.93,47.97,119.0
2025-04-17T08:00:00Z,72.09,30.56,105.48
2025-04-17T09:00:00Z,55.09,13.6,87.18
2025-04-17T10:00:00Z,39.51,-1.31,73.54
2025-04-17T11:00:00Z,27.38,-12.94,62.89
2025-04-17T12:00:00Z,24.56,-16.97,63.64
2025-04-17T13:00:00Z,45.96,2.82,80.2
2025-04-17T14:00:00Z,58.0,14.95,92.49
2025-04-17T15:00:00Z,83.47,33.38,119.34
2025-04-17T16:00:00Z,111.11,62.96,150.52
2025-04-17T17:00:00Z,145.32,99.13,187.62
2025-04-17T18:00:00Z,135.8,95.34,173.72
2025-04-17T19:00:00Z,109.81,77.25,138.01
2025-04-17T20:00:00Z,100.25,71.93,127.46
2025-04-17T21:00:00Z,93.72,64.91,118.77
2025-04-17T22:00:00Z,84.28,50.8,111.57
2025-04-17T23:00:00Z,80.46,47.11,109.74
2025-04-18T00:00:00Z,79.85,44.72,109.4
2025-04-18T01:00:00Z,76.39,42.05,105.92
2025-04-18T02:00:00Z,87.41,53.74,115.83
2025-04-18T03:00:00Z,97.1,63.5,122.74
2025-04-18T04:00:00Z,117.36,83.17,147.45
2025-04-18T05:00:00Z,131.64,90.98,167.31
2025-04-18T06:00:00Z,117.83,79.41,154.09
2025-04-18T07:00:00Z,97.15,57.19,128.22
2025-04-18T08:00:00Z,84.66,43.13,118.05
2025-04-18T09:00:00Z,66.01,24.53,98.1
2025-04-18T10:00:00Z,53.11,12.29,87.14
2025-04-18T11:00:00Z,42.35,2.03,77.86
2025-04-18T12:00:00Z,34.78,-6.75,73.86
2025-04-18T13:00:00Z,37.79,-5.35,72.03
2025-04-18T14:00:00Z,54.18,11.13,88.67
2025-04-18T15:00:00Z,72.4,22.31,108.27
2025-04-18T16:00:00Z,97.72,49.56,137.12
2025-04-18T17:00:00Z,122.08,75.89,164.38
2025-04-18T18:00:00Z,124.99,84.53,162.91
2025-04-18T19:00:00Z,101.13,68.57,129.34
2025-04-18T20:00:00Z,95.45,67.13,122.66
2025-04-18T21:00:00Z,87.48,58.67,112.54
2025-04-18T22:00:00Z,86.29,52.81,113.58
2025-04-18T23:00:00Z,79.81,46.46,109.1
2025-04-19T00:00:00Z,77.86,42.73,107.42
2025-04-19T01:00:00Z,76.91,42.57,106.44
2025-04-19T02:00:00Z,73.85,40.18,102.27
2025-04-19T03:00:00Z,72.93,39.33,98.57
2025-04-19T04:00:00Z,74.07,39.88,104.16
2025-04-19T05:00:00Z,76.19,35.54,111.87
2025-04-19T06:00:00Z,72.93,34.5,109.19
2025-04-19T07:00:00Z,60.22,20.26,91.29
2025-04-19T08:00:00Z,45.06,3.53,78.45
2025-04-19T09:00:00Z,37.43,-4.05,69.52
2025-04-19T10:00:00Z,26.86,-13.97,60.89
2025-04-19T11:00:00Z,22.73,-17.59,58.24
2025-04-19T12:00:00Z,22.35,-19.18,61.43
2025-04-19T13:00:00Z,20.81,-22.34,55.04
2025-04-19T14:00:00Z,26.7,-16.35,61.18
2025-04-19T15:00:00Z,53.33,3.25,89.21
2025-04-19T16:00:00Z,84.08,35.93,123.49
2025-04-19T17:00:00Z,104.14,57.95,146.45
2025-04-19T18:00:00Z,103.16,62.7,141.08
2025-04-19T19:00:00Z,92.15,59.59,120.36
2025-04-19T20:00:00Z,84.95,56.63,112.16
2025-04-19T21:00:00Z,79.11,50.3,104.17
2025-04-19T22:00:00Z,71.32,37.84,98.61
2025-04-19T23:00:00Z,66.52,33.17,95.8
2025-04-20T00:00:00Z,64.57,29.44,94.13
2025-04-20T01:00:00Z,60.61,26.27,90.14
2025-04-20T02:00:00Z,62.39,28.71,90.8
2025-04-20T03:00:00Z,61.29,27.69,86.93
2025-04-20T04:00:00Z,65.21,31.02,95.3
2025-04-20T05:00:00Z,59.92,19.27,95.6
2025-04-20T06:00:00Z,55.64,17.22,91.9
2025-04-20T07:00:00Z,33.61,-6.34,64.69
2025-04-20T08:00:00Z,9.28,-32.24,42.68
2025-04-20T09:00:00Z,-3.05,-44.54,29.04
2025-04-20T10:00:00Z,-14.49,-55.32,19.53
2025-04-20T11:00:00Z,-30.6,-70.92,4.91
2025-04-20T12:00:00Z,-27.46,-68.99,11.62
2025-04-20T13:00:00Z,-20.66,-63.8,13.58
2025-04-20T14:00:00Z,-1.77,-44.83,32.71
2025-04-20T15:00:00Z,43.29,-6.79,79.16
2025-04-20T16:00:00Z,87.46,39.3,126.87
2025-04-20T17:00:00Z,112.64,66.44,154.94
2025-04-20T18:00:00Z,124.89,84.42,162.8
2025-04-20T19:00:00Z,112.91,80.35,141.11
2025-04-20T20:00:00Z,102.11,73.79,129.32
2025-04-20T21:00:00Z,89.33,60.52,114.38
2025-04-20T22:00:00Z,87.7,54.22,114.99
2025-04-20T23:00:00Z,84.01,50.66,113.3
2025-04-21T00:00:00Z,82.83,47.7,112.39
2025-04-21T01:00:00Z,81.4,47.06,110.93
2025-04-21T02:00:00Z,86.32,52.64,114.74
2025-04-21T03:00:00Z,91.23,57.63,116.87
2025-04-21T04:00:00Z,124.11,89.92,154.21
2025-04-21T05:00:00Z,134.8,94.14,170.47
2025-04-21T06:00:00Z,113.77,75.34,150.03
2025-04-21T07:00:00Z,91.06,51.11,122.14
2025-04-21T08:00:00Z,65.51,23.98,98.9
2025-04-21T09:00:00Z,50.04,8.56,82.13
2025-04-21T10:00:00Z,23.11,-17.72,57.14
2025-04-21T11:00:00Z,4.12,-36.21,39.62
2025-04-21T12:00:00Z,5.28,-36.25,44.36
2025-04-21T13:00:00Z,13.57,-29.57,47.81
2025-04-21T14:00:00Z,40.43,-2.63,74.91
2025-04-21T15:00:00Z,70.1,20.01,105.97
2025-04-21T16:00:00Z,106.88,58.72,146.29
2025-04-21T17:00:00Z,164.01,117.82,206.32
2025-04-21T18:00:00Z,160.91,120.45,198.83
2025-04-21T19:00:00Z,120.14,87.58,148.35
2025-04-21T20:00:00Z,103.85,75.54,131.06
2025-04-21T21:00:00Z,80.32,51.51,105.38
2025-04-21T22:00:00Z,74.41,40.93,101.7
2025-04-21T23:00:00Z,70.95,37.6,100.23
2025-04-22T00:00:00Z,68.99,33.86,98.55
2025-04-22T01:00:00Z,63.97,29.63,93.5
2025-04-22T02:00:00Z,63.79,30.11,92.2
2025-04-22T03:00:00Z,70.73,37.13,96.37
2025-04-22T04:00:00Z,93.29,59.1,123.39
2025-04-22T05:00:00Z,90.69,50.04,126.36
2025-04-22T06:00:00Z,65.94,27.51,102.2
2025-04-22T07:00:00Z,41.14,1.19,72.22
2025-04-22T08:00:00Z,19.27,-22.25,52.67
2025-04-22T09:00:00Z,2.88,-38.61,34.96
2025-04-22T10:00:00Z,-13.89,-54.72,20.13
2025-04-22T11:00:00Z,-9.58,-49.91,25.93
2025-04-22T12:00:00Z,-7.3,-48.83,31.78
2025-04-22T13:00:00Z,11.23,-31.91,45.47
2025-04-22T14:00:00Z,28.33,-14.72,62.81
2025-04-22T15:00:00Z,60.65,10.56,96.52
2025-04-22T16:00:00Z,106.35,58.2,145.76
2025-04-22T17:00:00Z,133.98,87.78,176.28
2025-04-22T18:00:00Z,145.76,105.3,183.68
2025-04-22T19:00:00Z,116.88,84.32,145.08
2025-04-22T20:00:00Z,103.86,75.54,131.07
2025-04-22T21:00:00Z,84.89,56.08,109.95
2025-04-22T22:00:00Z,82.75,49.27,110.04
2025-04-22T23:00:00Z,73.37,40.02,102.65
2025-04-23T00:00:00Z,74.27,39.14,103.83
2025-04-23T01:00:00Z,74.57,40.23,104.1
2025-04-23T02:00:00Z,74.09,40.41,102.51
2025-04-23T03:00:00Z,82.22,48.62,107.86
2025-04-23T04:00:00Z,105.36,71.17,135.46
2025-04-23T05:00:00Z,123.25,82.6,158.92
2025-04-23T06:00:00Z,104.24,65.81,140.5
2025-04-23T07:00:00Z,93.35,53.39,124.43
2025-04-23T08:00:00Z,72.98,31.46,106.38
2025-04-23T09:00:00Z,61.35,19.86,93.44
2025-04-23T10:00:00Z,47.51,6.69,81.54
2025-04-23T11:00:00Z,36.86,-3.46,72.37
2025-04-23T12:00:00Z,38.71,-2.82,77.79
2025-04-23T13:00:00Z,55.4,12.25,89.64
2025-04-23T14:00:00Z,71.24,28.19,105.72
2025-04-23T15:00:00Z,81.61,31.53,117.49
2025-04-23T16:00:00Z,107.9,59.75,147.31
2025-04-23T17:00:00Z,132.21,86.02,174.51
2025-04-23T18:00:00Z,139.27,98.81,177.19
2025-04-23T19:00:00Z,123.57,91.02,151.78
2025-04-23T20:00:00Z,112.25,83.94,139.46
2025-04-23T21:00:00Z,96.61,67.8,121.67
2025-04-23T22:00:00Z,92.9,59.42,120.19
2025-04-23T23:00:00Z,87.14,53.79,116.42
2025-04-24T00:00:00Z,88.19,53.05,117.74
2025-04-24T01:00:00Z,85.71,51.37,115.24
2025-04-24T02:00:00Z,85.4,51.72,113.82
2025-04-24T03:00:00Z,94.98,61.38,120.62
2025-04-24T04:00:00Z,111.04,76.85,141.14
2025-04-24T05:00:00Z,129.5,88.84,165.17
2025-04-24T06:00:00Z,111.23,72.8,147.49
2025-04-24T07:00:00Z,90.53,50.58,121.61
2025-04-24T08:00:00Z,86.81,45.28,120.2
2025-04-24T09:00:00Z,79.04,37.55,111.13
2025-04-24T10:00:00Z,67.44,26.62,101.47
2025-04-24T11:00:00Z,62.72,22.4,98.23
2025-04-24T12:00:00Z,65.14,23.61,104.21
2025-04-24T13:00:00Z,69.27,26.12,103.5
2025-04-24T14:00:00Z,75.92,32.86,110.4
2025-04-24T15:00:00Z,94.01,43.93,129.89
2025-04-24T16:00:00Z,107.1,58.95,146.51
2025-04-24T17:00:00Z,121.1,74.9,163.4
2025-04-24T18:00:00Z,128.95,88.49,166.87
2025-04-24T19:00:00Z,111.25,78.69,139.46
2025-04-24T20:00:00Z,100.34,72.03,127.55
2025-04-24T21:00:00Z,86.19,57.39,111.25
2025-04-24T22:00:00Z,83.85,50.37,111.14
2025-04-24T23:00:00Z,78.91,45.56,108.2
2025-04-25T00:00:00Z,79.09,43.95,108.64
2025-04-25T01:00:00Z,78.46,44.11,107.98
2025-04-25T02:00:00Z,77.62,43.95,106.04
2025-04-25T03:00:00Z,82.12,48.52,107.76
2025-04-25T04:00:00Z,103.26,69.08,133.36
2025-04-25T05:00:00Z,109.78,69.13,145.46
2025-04-25T06:00:00Z,107.16,68.73,143.42
2025-04-25T07:00:00Z,95.34,55.38,126.41
2025-04-25T08:00:00Z,80.09,38.57,113.49
2025-04-25T09:00:00Z,79.08,37.6,111.17
2025-04-25T10:00:00Z,63.92,23.09,97.95
2025-04-25T11:00:00Z,59.13,18.81,94.64
2025-04-25T12:00:00Z,59.71,18.18,98.79
2025-04-25T13:00:00Z,64.32,21.18,98.56
2025-04-25T14:00:00Z,71.51,28.46,105.99
2025-04-25T15:00:00Z,79.74,29.66,115.61
2025-04-25T16:00:00Z,98.13,49.98,137.54
2025-04-25T17:00:00Z,114.72,68.53,157.03
2025-04-25T18:00:00Z,122.07,81.6,159.98
2025-04-25T19:00:00Z,110.22,77.66,138.43
2025-04-25T20:00:00Z,101.52,73.21,128.74
2025-04-25T21:00:00Z,93.05,64.25,118.11
2025-04-25T22:00:00Z,91.21,57.73,118.5
2025-04-25T23:00:00Z,81.04,47.69,110.32
2025-04-26T00:00:00Z,79.26,44.13,108.82
2025-04-26T01:00:00Z,77.65,43.31,107.18
2025-04-26T02:00:00Z,76.97,43.29,105.38
2025-04-26T03:00:00Z,75.94,42.34,101.58
2025-04-26T04:00:00Z,84.67,50.49,114.77
2025-04-26T05:00:00Z,83.28,42.62,118.95
2025-04-26T06:00:00Z,77.46,39.04,113.72
2025-04-26T07:00:00Z,61.46,21.5,92.54
2025-04-26T08:00:00Z,46.0,4.47,79.39
2025-04-26T09:00:00Z,32.81,-8.68,64.9
2025-04-26T10:00:00Z,7.56,-33.26,41.59
2025-04-26T11:00:00Z,-0.08,-40.41,35.42
2025-04-26T12:00:00Z,-14.07,-55.6,25.01
2025-04-26T13:00:00Z,1.08,-42.07,35.31
2025-04-26T14:00:00Z,25.4,-17.65,59.88
2025-04-26T15:00:00Z,47.94,-2.15,83.81
2025-04-26T16:00:00Z,79.16,31.0,118.57
2025-04-26T17:00:00Z,97.14,50.94,139.44
2025-04-26T18:00:00Z,103.71,63.24,141.62
2025-04-26T19:00:00Z,89.48,56.92,117.69
2025-04-26T20:00:00Z,82.94,54.62,110.15
2025-04-26T21:00:00Z,75.27,46.46,100.33
2025-04-26T22:00:00Z,72.39,38.91,99.68
2025-04-26T23:00:00Z,58.74,25.39,88.02
2025-04-27T00:00:00Z,58.67,23.54,88.22
2025-04-27T01:00:00Z,60.13,25.79,89.66
2025-04-27T02:00:00Z,63.58,29.9,91.99
2025-04-27T03:00:00Z,58.78,25.19,84.43
2025-04-27T04:00:00Z,55.55,21.37,85.65
2025-04-27T05:00:00Z,48.58,7.93,84.26
2025-04-27T06:00:00Z,36.33,-2.1,72.59
2025-04-27T07:00:00Z,9.06,-30.9,40.13
2025-04-27T08:00:00Z,-5.44,-46.97,27.95
2025-04-27T09:00:00Z,-32.52,-74.01,-0.43
2025-04-27T10:00:00Z,-45.64,-86.47,-11.61
2025-04-27T11:00:00Z,-57.24,-97.56,-21.73
2025-04-27T12:00:00Z,-54.73,-96.26,-15.65
2025-04-27T13:00:00Z,-48.42,-91.56,-14.18
2025-04-27T14:00:00Z,-35.78,-78.84,-1.3
2025-04-27T15:00:00Z,13.51,-36.58,49.38
2025-04-27T16:00:00Z,71.74,23.59,111.15
2025-04-27T17:00:00Z,95.51,49.31,137.81
2025-04-27T18:00:00Z,113.51,73.05,151.43
2025-04-27T19:00:00Z,99.84,67.28,128.05
2025-04-27T20:00:00Z,90.99,62.68,118.2
2025-04-27T21:00:00Z,78.02,49.21,103.08
2025-04-27T22:00:00Z,79.99,46.51,107.28
2025-04-27T23:00:00Z,66.79,33.44,96.08
2025-04-28T00:00:00Z,68.33,33.2,97.89
2025-04-28T01:00:00Z,68.05,33.71,97.58
2025-04-28T02:00:00Z,69.55,35.87,97.96
2025-04-28T03:00:00Z,80.71,47.11,106.35
2025-04-28T04:00:00Z,95.3,61.12,125.4
2025-04-28T05:00:00Z,118.11,77.45,153.78
2025-04-28T06:00:00Z,102.53,64.1,138.79
2025-04-28T07:00:00Z,81.35,41.39,112.42
2025-04-28T08:00:00Z,59.44,17.91,92.83
2025-04-28T09:00:00Z,38.39,-3.1,70.47
2025-04-28T10:00:00Z,32.72,-8.11,66.74
2025-04-28T11:00:00Z,9.61,-30.72,45.12
2025-04-28T12:00:00Z,6.02,-35.51,45.1
2025-04-28T13:00:00Z,11.57,-31.58,45.8
2025-04-28T14:00:00Z,34.0,-9.05,68.49
2025-04-28T15:00:00Z,63.02,12.94,98.89
2025-04-28T16:00:00Z,99.56,51.41,138.97
2025-04-28T17:00:00Z,132.9,86.71,175.2
2025-04-28T18:00:00Z,132.29,91.83,170.21
2025-04-28T19:00:00Z,105.9,73.34,134.11
2025-04-28T20:00:00Z,89.34,61.03,116.55
2025-04-28T21:00:00Z,68.89,40.08,93.94
2025-04-28T22:00:00Z,65.7,32.22,92.99
2025-04-28T23:00:00Z,63.1,29.75,92.38
2025-04-29T00:00:00Z,61.65,26.52,91.21
2025-04-29T01:00:00Z,60.53,26.19,90.06
2025-04-29T02:00:00Z,63.96,30.28,92.38
2025-04-29T03:00:00Z,76.53,42.93,102.17
2025-04-29T04:00:00Z,108.45,74.27,138.55
2025-04-29T05:00:00Z,107.22,66.57,142.89
2025-04-29T06:00:00Z,87.01,48.59,123.28
2025-04-29T07:00:00Z,63.38,23.42,94.46
2025-04-29T08:00:00Z,34.66,-6.87,68.05
2025-04-29T09:00:00Z,10.22,-31.27,42.31
2025-04-29T10:00:00Z,-6.01,-46.84,28.02
2025-04-29T11:00:00Z,-8.4,-48.72,27.11
2025-04-29T12:00:00Z,1.01,-40.52,40.09
2025-04-29T13:00:00Z,26.53,-16.61,60.77
2025-04-29T14:00:00Z,42.45,-0.6,76.93
2025-04-29T15:00:00Z,79.76,29.67,115.63
2025-04-29T16:00:00Z,108.84,60.68,148.25
2025-04-29T17:00:00Z,143.41,97.22,185.72
2025-04-29T18:00:00Z,163.84,123.38,201.76
2025-04-29T19:00:00Z,130.03,97.47,158.24
2025-04-29T20:00:00Z,110.46,82.14,137.67
2025-04-29T21:00:00Z,95.26,66.45,120.31
2025-04-29T22:00:00Z,91.26,57.78,118.55
2025-04-29T23:00:00Z,89.62,56.27,118.9
2025-04-30T00:00:00Z,84.18,49.05,113.74
2025-04-30T01:00:00Z,82.49,48.15,112.02
2025-04-30T02:00:00Z,86.37,52.69,114.79
2025-04-30T03:00:00Z,94.17,60.57,119.81
2025-04-30T04:00:00Z,120.38,86.2,150.48
2025-04-30T05:00:00Z,124.38,83.72,160.05
2025-04-30T06:00:00Z,104.39,65.97,140.65
2025-04-30T07:00:00Z,77.2,37.24,108.27
2025-04-30T08:00:00Z,47.21,5.68,80.6
2025-04-30T09:00:00Z,32.05,-9.43,64.14
2025-04-30T10:00:00Z,17.38,-23.45,51.41
2025-04-30T11:00:00Z,9.65,-30.67,45.16
2025-04-30T12:00:00Z,10.08,-31.45,49.16
2025-04-30T13:00:00Z,19.11,-24.03,53.35
2025-04-30T14:00:00Z,44.89,1.84,79.37
2025-04-30T15:00:00Z,77.58,27.5,113.46
2025-04-30T16:00:00Z,104.74,56.58,144.15
2025-04-30T17:00:00Z,138.23,92.04,180.54
2025-04-30T18:00:00Z,150.43,109.97,188.35
2025-04-30T19:00:00Z,122.57,90.01,150.78
2025-04-30T20:00:00Z,103.66,75.34,130.87
2025-04-30T21:00:00Z,88.98,60.17,114.04
2025-04-30T22:00:00Z,61.68,28.2,88.97
2025-04-30T23:00:00Z,51.54,18.19,80.82
2025-05-01T00:00:00Z,49.03,13.9,78.58
2025-05-01T01:00:00Z,44.44,10.1,73.97
2025-05-01T02:00:00Z,48.48,14.8,76.9
2025-05-01T03:00:00Z,58.91,25.32,84.56
2025-05-01T04:00:00Z,74.7,40.52,104.8
2025-05-01T05:00:00Z,78.74,38.09,114.42
2025-05-01T06:00:00Z,51.58,13.15,87.84
2025-05-01T07:00:00Z,29.48,-10.47,60.56
2025-05-01T08:00:00Z,-6.52,-48.04,26.88
2025-05-01T09:00:00Z,-11.49,-52.98,20.59
2025-05-01T10:00:00Z,-33.56,-74.39,0.46
2025-05-01T11:00:00Z,-33.52,-73.84,1.99
2025-05-01T12:00:00Z,-33.24,-74.77,5.84
2025-05-01T13:00:00Z,-28.4,-71.54,5.84
2025-05-01T14:00:00Z,-18.68,-61.73,15.8
2025-05-01T15:00:00Z,12.93,-37.15,48.81
2025-05-01T16:00:00Z,47.05,-1.1,86.46
2025-05-01T17:00:00Z,79.32,33.13,121.63
2025-05-01T18:00:00Z,112.67,72.21,150.59
2025-05-01T19:00:00Z,79.8,47.24,108.01
2025-05-01T20:00:00Z,64.54,36.22,91.75
2025-05-01T21:00:00Z,56.83,28.03,81.89
2025-05-01T22:00:00Z,87.21,53.73,114.5
2025-05-01T23:00:00Z,84.57,51.22,113.85
2025-05-02T00:00:00Z,79.53,44.4,109.09
2025-05-02T01:00:00Z,78.54,44.2,108.07
2025-05-02T02:00:00Z,82.08,48.4,110.5
2025-05-02T03:00:00Z,80.31,46.71,105.95
2025-05-02T04:00:00Z,90.93,56.74,121.03
2025-05-02T05:00:00Z,92.94,52.29,128.61
2025-05-02T06:00:00Z,79.4,40.97,115.66
2025-05-02T07:00:00Z,59.79,19.83,90.86
2025-05-02T08:00:00Z,20.36,-21.16,53.76
2025-05-02T09:00:00Z,11.53,-29.95,43.62
2025-05-02T10:00:00Z,-0.44,-41.26,33.59
2025-05-02T11:00:00Z,-6.0,-46.33,29.5
2025-05-02T12:00:00Z,-8.84,-50.37,30.24
2025-05-02T13:00:00Z,-6.52,-49.67,27.71
2025-05-02T14:00:00Z,14.52,-28.53,49.0
2025-05-02T15:00:00Z,57.96,7.88,93.84
2025-05-02T16:00:00Z,94.08,45.92,133.48
2025-05-02T17:00:00Z,109.86,63.67,152.17
2025-05-02T18:00:00Z,130.63,90.16,168.54
2025-05-02T19:00:00Z,115.12,82.56,143.32
2025-05-02T20:00:00Z,97.91,69.6,125.12
2025-05-02T21:00:00Z,87.7,58.89,112.76
2025-05-02T22:00:00Z,83.69,50.21,110.98
2025-05-02T23:00:00Z,79.66,46.31,108.95
2025-05-03T00:00:00Z,76.76,41.63,106.32
2025-05-03T01:00:00Z,68.67,34.33,98.2
2025-05-03T02:00:00Z,69.06,35.38,97.47
2025-05-03T03:00:00Z,70.47,36.87,96.11
2025-05-03T04:00:00Z,72.19,38.01,102.29
2025-05-03T05:00:00Z,67.69,27.04,103.36
2025-05-03T06:00:00Z,55.69,17.26,91.95
2025-05-03T07:00:00Z,28.21,-11.75,59.28
2025-05-03T08:00:00Z,-8.15,-49.68,25.24
2025-05-03T09:00:00Z,-26.11,-67.59,5.98
2025-05-03T10:00:00Z,-22.08,-62.9,11.95
2025-05-03T11:00:00Z,-34.33,-74.65,1.18
2025-05-03T12:00:00Z,-32.44,-73.97,6.64
2025-05-03T13:00:00Z,-18.4,-61.54,15.84
2025-05-03T14:00:00Z,-17.83,-60.89,16.65
2025-05-03T15:00:00Z,28.89,-21.19,64.77
2025-05-03T16:00:00Z,77.45,29.3,116.86
2025-05-03T17:00:00Z,111.66,65.46,153.96
2025-05-03T18:00:00Z,120.87,80.41,158.79
2025-05-03T19:00:00Z,114.59,82.03,142.8
2025-05-03T20:00:00Z,99.43,71.12,126.64
2025-05-03T21:00:00Z,86.65,57.84,111.7
2025-05-03T22:00:00Z,81.33,47.85,108.62
2025-05-03T23:00:00Z,78.68,45.33,107.96
2025-05-04T00:00:00Z,82.2,47.06,111.75
2025-05-04T01:00:00Z,77.69,43.35,107.22
2025-05-04T02:00:00Z,74.61,40.94,103.03
2025-05-04T03:00:00Z,76.0,42.4,101.64
2025-05-04T04:00:00Z,75.02,40.84,105.12
2025-05-04T05:00:00Z,70.87,30.22,106.54
2025-05-04T06:00:00Z,46.06,7.64,82.32
2025-05-04T07:00:00Z,13.04,-26.92,44.11
2025-05-04T08:00:00Z,-0.16,-41.68,33.24
2025-05-04T09:00:00Z,-7.69,-49.18,24.4
2025-05-04T10:00:00Z,-12.9,-53.72,21.13
2025-05-04T11:00:00Z,-20.58,-60.9,14.93
2025-05-04T12:00:00Z,-19.69,-61.22,19.39
2025-05-04T13:00:00Z,-13.06,-56.21,21.17
2025-05-04T14:00:00Z,4.08,-38.97,38.56
2025-05-04T15:00:00Z,28.0,-22.08,63.88
2025-05-04T16:00:00Z,73.2,25.05,112.61
2025-05-04T17:00:00Z,111.56,65.37,153.86
2025-05-04T18:00:00Z,121.87,81.41,159.79
2025-05-04T19:00:00Z,112.72,80.16,140.92
2025-05-04T20:00:00Z,91.74,63.43,118.96
2025-05-04T21:00:00Z,78.4,49.6,103.46
2025-05-04T22:00:00Z,76.46,42.98,103.75
2025-05-04T23:00:00Z,73.46,40.11,102.74
2025-05-05T00:00:00Z,72.12,36.99,101.68
2025-05-05T01:00:00Z,70.96,36.61,100.48
2025-05-05T02:00:00Z,76.74,43.06,105.15
2025-05-05T03:00:00Z,90.65,57.05,116.29
2025-05-05T04:00:00Z,112.77,78.59,142.87
2025-05-05T05:00:00Z,127.95,87.3,163.63
2025-05-05T06:00:00Z,106.07,67.64,142.33
2025-05-05T07:00:00Z,81.44,41.49,112.52
2025-05-05T08:00:00Z,72.27,30.74,105.66
2025-05-05T09:00:00Z,62.74,21.25,94.82
2025-05-05T10:00:00Z,64.62,23.8,98.65
2025-05-05T11:00:00Z,58.71,18.38,94.22
2025-05-05T12:00:00Z,52.36,10.83,91.44
2025-05-05T13:00:00Z,59.37,16.23,93.61
2025-05-05T14:00:00Z,65.3,22.25,99.79
2025-05-05T15:00:00Z,93.62,43.53,129.49
2025-05-05T16:00:00Z,109.75,61.59,149.15
2025-05-05T17:00:00Z,130.61,84.42,172.92
2025-05-05T18:00:00Z,150.66,110.19,188.57
2025-05-05T19:00:00Z,125.79,93.23,153.99
2025-05-05T20:00:00Z,108.01,79.69,135.22
2025-05-05T21:00:00Z,97.98,69.17,123.04
2025-05-05T22:00:00Z,96.64,63.16,123.93
2025-05-05T23:00:00Z,91.38,58.03,120.66
2025-05-06T00:00:00Z,89.72,54.58,119.27
2025-05-06T01:00:00Z,89.73,55.39,119.26
2025-05-06T02:00:00Z,91.79,58.11,120.2
2025-05-06T03:00:00Z,102.8,69.2,128.44
2025-05-06T04:00:00Z,127.84,93.66,157.94
2025-05-06T05:00:00Z,133.23,92.57,168.9
2025-05-06T06:00:00Z,124.61,86.18,160.87
2025-05-06T07:00:00Z,99.77,59.81,130.84
2025-05-06T08:00:00Z,88.86,47.33,122.25
2025-05-06T09:00:00Z,65.73,24.25,97.82
2025-05-06T10:00:00Z,60.97,20.14,94.99
2025-05-06T11:00:00Z,48.47,8.14,83.98
2025-05-06T12:00:00Z,58.84,17.31,97.92
2025-05-06T13:00:00Z,66.0,22.86,100.24
2025-05-06T14:00:00Z,72.49,29.44,106.97
2025-05-06T15:00:00Z,89.93,39.84,125.8
2025-05-06T16:00:00Z,111.76,63.61,151.17
2025-05-06T17:00:00Z,136.51,90.32,178.82
2025-05-06T18:00:00Z,165.42,124.95,203.33
2025-05-06T19:00:00Z,128.49,95.93,156.7
2025-05-06T20:00:00Z,109.55,81.23,136.76
2025-05-06T21:00:00Z,97.07,68.26,122.13
2025-05-06T22:00:00Z,88.23,54.75,115.52
2025-05-06T23:00:00Z,85.34,51.99,114.62
2025-05-07T00:00:00Z,87.95,52.82,117.51
2025-05-07T01:00:00Z,86.99,52.65,116.52
2025-05-07T02:00:00Z,87.12,53.45,115.54
2025-05-07T03:00:00Z,95.02,61.42,120.66
2025-05-07T04:00:00Z,109.99,75.81,140.09
2025-05-07T05:00:00Z,116.63,75.98,152.3
2025-05-07T06:00:00Z,106.08,67.66,142.34
2025-05-07T07:00:00Z,94.59,54.63,125.66
2025-05-07T08:00:00Z,77.92,36.4,111.32
2025-05-07T09:00:00Z,55.34,13.86,87.43
2025-05-07T10:00:00Z,40.82,-0.01,74.84
2025-05-07T11:00:00Z,34.04,-6.28,69.55
2025-05-07T12:00:00Z,32.63,-8.9,71.71
2025-05-07T13:00:00Z,46.08,2.93,80.31
2025-05-07T14:00:00Z,74.47,31.42,108.95
2025-05-07T15:00:00Z,91.99,41.91,127.87
2025-05-07T16:00:00Z,107.04,58.89,146.45
2025-05-07T17:00:00Z,139.18,92.99,181.48
2025-05-07T18:00:00Z,151.84,111.37,189.75
2025-05-07T19:00:00Z,126.06,93.5,154.27
2025-05-07T20:00:00Z,105.12,76.8,132.33
2025-05-07T21:00:00Z,93.79,64.98,118.85
2025-05-07T22:00:00Z,89.05,55.57,116.34
2025-05-07T23:00:00Z,85.86,52.51,115.14
2025-05-08T00:00:00Z,84.74,49.61,114.3
2025-05-08T01:00:00Z,84.27,49.93,113.8
2025-05-08T02:00:00Z,87.43,53.75,115.84
2025-05-08T03:00:00Z,93.83,60.23,119.47
2025-05-08T04:00:00Z,114.52,80.34,144.62
2025-05-08T05:00:00Z,120.94,80.29,156.62
2025-05-08T06:00:00Z,109.86,71.44,146.12
2025-05-08T07:00:00Z,91.5,51.55,122.58
2025-05-08T08:00:00Z,68.24,26.71,101.63
2025-05-08T09:00:00Z,58.35,16.87,90.44
2025-05-08T10:00:00Z,45.34,4.52,79.37
2025-05-08T11:00:00Z,35.69,-4.64,71.19
2025-05-08T12:00:00Z,45.8,4.27,84.88
2025-05-08T13:00:00Z,58.6,15.46,92.84
2025-05-08T14:00:00Z,70.05,27.0,104.53
2025-05-08T15:00:00Z,83.78,33.7,119.66
2025-05-08T16:00:00Z,99.45,51.29,138.86
2025-05-08T17:00:00Z,111.66,65.47,153.96
2025-05-08T18:00:00Z,127.61,87.15,165.53
2025-05-08T19:00:00Z,110.86,78.3,139.07
2025-05-08T20:00:00Z,97.71,69.39,124.92
2025-05-08T21:00:00Z,89.35,60.54,114.4
2025-05-08T22:00:00Z,87.61,54.13,114.9
2025-05-08T23:00:00Z,85.34,51.99,114.62
2025-05-09T00:00:00Z,83.64,48.51,113.2
2025-05-09T01:00:00Z,82.95,48.61,112.48
2025-05-09T02:00:00Z,85.92,52.24,114.34
2025-05-09T03:00:00Z,94.44,60.84,120.08
2025-05-09T04:00:00Z,115.93,81.75,146.03
2025-05-09T05:00:00Z,119.23,78.58,154.9
2025-05-09T06:00:00Z,111.86,73.44,148.13
2025-05-09T07:00:00Z,82.21,42.25,113.28
2025-05-09T08:00:00Z,69.84,28.31,103.23
2025-05-09T09:00:00Z,53.33,11.84,85.42
2025-05-09T10:00:00Z,46.34,5.51,80.37
2025-05-09T11:00:00Z,38.39,-1.94,73.9
2025-05-09T12:00:00Z,42.48,0.95,81.56
2025-05-09T13:00:00Z,58.38,15.23,92.61
2025-05-09T14:00:00Z,63.35,20.3,97.83
2025-05-09T15:00:00Z,82.03,31.94,117.9
2025-05-09T16:00:00Z,97.44,49.28,136.84
2025-05-09T17:00:00Z,117.73,71.53,160.03
2025-05-09T18:00:00Z,135.93,95.46,173.84
2025-05-09T19:00:00Z,121.81,89.25,150.02
2025-05-09T20:00:00Z,103.18,74.86,130.39
2025-05-09T21:00:00Z,94.33,65.53,119.39
2025-05-09T22:00:00Z,95.09,61.61,122.38
2025-05-09T23:00:00Z,84.63,51.28,113.91
2025-05-10T00:00:00Z,87.28,52.15,116.84
2025-05-10T01:00:00Z,83.52,49.18,113.05
2025-05-10T02:00:00Z,88.09,54.41,116.51
2025-05-10T03:00:00Z,90.75,57.15,116.39
2025-05-10T04:00:00Z,93.57,59.38,123.67
2025-05-10T05:00:00Z,89.93,49.28,125.61
2025-05-10T06:00:00Z,75.3,36.88,111.57
2025-05-10T07:00:00Z,47.04,7.08,78.11
2025-05-10T08:00:00Z,11.63,-29.89,45.03
2025-05-10T09:00:00Z,-10.0,-51.48,22.09
2025-05-10T10:00:00Z,-18.88,-59.7,15.15
2025-05-10T11:00:00Z,-18.15,-58.48,17.35
2025-05-10T12:00:00Z,-9.94,-51.47,29.14
2025-05-10T13:00:00Z,4.29,-38.85,38.53
2025-05-10T14:00:00Z,20.97,-22.09,55.45
2025-05-10T15:00:00Z,52.9,2.82,88.78
2025-05-10T16:00:00Z,80.21,32.06,119.62
2025-05-10T17:00:00Z,106.94,60.75,149.25
2025-05-10T18:00:00Z,127.37,86.91,165.29
2025-05-10T19:00:00Z,111.83,79.27,140.04
2025-05-10T20:00:00Z,97.46,69.15,124.67
2025-05-10T21:00:00Z,90.87,62.06,115.93
2025-05-10T22:00:00Z,80.2,46.72,107.49
2025-05-10T23:00:00Z,79.71,46.36,109.0
2025-05-11T00:00:00Z,78.45,43.32,108.0
2025-05-11T01:00:00Z,73.86,39.52,103.39
2025-05-11T02:00:00Z,75.86,42.18,104.28
2025-05-11T03:00:00Z,77.07,43.47,102.71
2025-05-11T04:00:00Z,70.62,36.43,100.72
2025-05-11T05:00:00Z,62.33,21.68,98.0
2025-05-11T06:00:00Z,42.74,4.31,79.0
2025-05-11T07:00:00Z,3.46,-36.5,34.53
2025-05-11T08:00:00Z,-18.14,-59.66,15.26
2025-05-11T09:00:00Z,-31.1,-72.59,0.99
2025-05-11T10:00:00Z,-38.01,-78.84,-3.98
2025-05-11T11:00:00Z,-46.85,-87.17,-11.34
2025-05-11T12:00:00Z,-49.09,-90.62,-10.01
2025-05-11T13:00:00Z,-45.49,-88.63,-11.25
2025-05-11T14:00:00Z,-29.84,-72.89,4.64
2025-05-11T15:00:00Z,14.22,-35.87,50.09
2025-05-11T16:00:00Z,75.49,27.34,114.9
2025-05-11T17:00:00Z,104.34,58.15,146.64
2025-05-11T18:00:00Z,117.23,76.76,155.14
2025-05-11T19:00:00Z,114.58,82.02,142.79
2025-05-11T20:00:00Z,99.16,70.84,126.37
2025-05-11T21:00:00Z,88.11,59.3,113.17
2025-05-11T22:00:00Z,72.55,39.07,99.84
2025-05-11T23:00:00Z,72.84,39.49,102.13
2025-05-12T00:00:00Z,70.53,35.4,100.09
2025-05-12T01:00:00Z,65.52,31.18,95.05
2025-05-12T02:00:00Z,68.84,35.16,97.25
2025-05-12T03:00:00Z,81.23,47.63,106.87
2025-05-12T04:00:00Z,110.49,76.31,140.59
2025-05-12T05:00:00Z,113.13,72.48,148.8
2025-05-12T06:00:00Z,83.54,45.11,119.8
2025-05-12T07:00:00Z,49.69,9.73,80.77
2025-05-12T08:00:00Z,15.93,-25.6,49.32
2025-05-12T09:00:00Z,6.38,-35.1,38.47
2025-05-12T10:00:00Z,1.35,-39.47,35.38
2025-05-12T11:00:00Z,2.76,-37.57,38.26
2025-05-12T12:00:00Z,10.56,-30.97,49.64
2025-05-12T13:00:00Z,10.6,-32.55,44.83
2025-05-12T14:00:00Z,21.38,-21.68,55.86
2025-05-12T15:00:00Z,71.69,21.61,107.57
2025-05-12T16:00:00Z,100.13,51.97,139.54
2025-05-12T17:00:00Z,124.58,78.39,166.89
2025-05-12T18:00:00Z,157.07,116.61,194.99
2025-05-12T19:00:00Z,124.54,91.98,152.75
2025-05-12T20:00:00Z,105.82,77.51,133.03
2025-05-12T21:00:00Z,92.68,63.87,117.73
2025-05-12T22:00:00Z,79.45,45.97,106.74
2025-05-12T23:00:00Z,76.06,42.71,105.35
2025-05-13T00:00:00Z,72.72,37.59,102.28
2025-05-13T01:00:00Z,68.1,33.76,97.63
2025-05-13T02:00:00Z,66.7,33.02,95.12
2025-05-13T03:00:00Z,83.38,49.78,109.02
2025-05-13T04:00:00Z,98.39,64.21,128.49
2025-05-13T05:00:00Z,100.45,59.8,136.12
2025-05-13T06:00:00Z,71.54,33.11,107.8
2025-05-13T07:00:00Z,39.71,-0.25,70.78
2025-05-13T08:00:00Z,9.05,-32.47,42.45
2025-05-13T09:00:00Z,4.52,-36.97,36.6
2025-05-13T10:00:00Z,-16.74,-57.57,17.28
2025-05-13T11:00:00Z,-23.17,-63.5,12.33
2025-05-13T12:00:00Z,-23.03,-64.56,16.05
2025-05-13T13:00:00Z,-11.67,-54.82,22.57
2025-05-13T14:00:00Z,23.06,-20.0,57.54
2025-05-13T15:00:00Z,63.25,13.17,99.13
2025-05-13T16:00:00Z,91.55,43.39,130.96
2025-05-13T17:00:00Z,128.91,82.71,171.21
2025-05-13T18:00:00Z,151.63,111.16,189.54
2025-05-13T19:00:00Z,126.2,93.64,154.4
2025-05-13T20:00:00Z,105.72,77.41,132.93
2025-05-13T21:00:00Z,91.44,62.63,116.49
2025-05-13T22:00:00Z,89.55,56.07,116.84
2025-05-13T23:00:00Z,80.98,47.63,110.26
2025-05-14T00:00:00Z,79.88,44.75,109.44
2025-05-14T01:00:00Z,77.83,43.49,107.36
2025-05-14T02:00:00Z,85.97,52.29,114.38
2025-05-14T03:00:00Z,97.27,63.67,122.91
2025-05-14T04:00:00Z,122.87,88.69,152.97
2025-05-14T05:00:00Z,121.67,81.02,157.35
2025-05-14T06:00:00Z,102.12,63.69,138.38
2025-05-14T07:00:00Z,68.69,28.73,99.76
2025-05-14T08:00:00Z,26.2,-15.33,59.59
2025-05-14T09:00:00Z,11.05,-30.44,43.14
2025-05-14T10:00:00Z,1.81,-39.02,35.84
2025-05-14T11:00:00Z,-2.0,-42.33,33.51
2025-05-14T12:00:00Z,1.3,-40.23,40.38
2025-05-14T13:00:00Z,6.33,-36.82,40.56
2025-05-14T14:00:00Z,22.93,-20.12,57.41
2025-05-14T15:00:00Z,79.56,29.47,115.43
2025-05-14T16:00:00Z,107.6,59.44,147.01
2025-05-14T17:00:00Z,143.66,97.47,185.97
2025-05-14T18:00:00Z,169.27,128.81,207.19
2025-05-14T19:00:00Z,155.76,123.2,183.97
2025-05-14T20:00:00Z,123.89,95.57,151.1
2025-05-14T21:00:00Z,109.36,80.55,134.42
2025-05-14T22:00:00Z,104.69,71.21,131.98
2025-05-14T23:00:00Z,98.33,64.98,127.62
2025-05-15T00:00:00Z,97.42,62.29,126.97
2025-05-15T01:00:00Z,94.85,60.5,124.38
2025-05-15T02:00:00Z,100.73,67.06,129.15
2025-05-15T03:00:00Z,109.52,75.93,135.17
2025-05-15T04:00:00Z,122.04,87.85,152.13
2025-05-15T05:00:00Z,125.61,84.96,161.28
2025-05-15T06:00:00Z,112.82,74.39,149.08
2025-05-15T07:00:00Z,75.06,35.1,106.13
2025-05-15T08:00:00Z,34.39,-7.13,67.79
2025-05-15T09:00:00Z,20.72,-20.76,52.81
2025-05-15T10:00:00Z,0.1,-40.73,34.13
2025-05-15T11:00:00Z,-4.92,-45.25,30.58
2025-05-15T12:00:00Z,-3.97,-45.5,35.11
2025-05-15T13:00:00Z,4.04,-39.11,38.27
2025-05-15T14:00:00Z,20.67,-22.39,55.15
2025-05-15T15:00:00Z,61.87,11.79,97.75
2025-05-15T16:00:00Z,96.21,48.05,135.62
2025-05-15T17:00:00Z,129.6,83.41,171.9
2025-05-15T18:00:00Z,156.37,115.91,194.29
2025-05-15T19:00:00Z,133.77,101.22,161.98
2025-05-15T20:00:00Z,114.66,86.35,141.87
2025-05-15T21:00:00Z,108.38,79.57,133.43
2025-05-15T22:00:00Z,96.97,63.49,124.26
2025-05-15T23:00:00Z,88.4,55.05,117.68
2025-05-16T00:00:00Z,84.72,49.59,114.27
2025-05-16T01:00:00Z,85.2,50.86,114.73
2025-05-16T02:00:00Z,87.22,53.54,115.63
2025-05-16T03:00:00Z,97.75,64.15,123.39
2025-05-16T04:00:00Z,113.34,79.16,143.44
2025-05-16T05:00:00Z,112.43,71.77,148.1
2025-05-16T06:00:00Z,96.7,58.27,132.96
2025-05-16T07:00:00Z,67.8,27.84,98.87
2025-05-16T08:00:00Z,30.41,-11.11,63.81
2025-05-16T09:00:00Z,4.17,-37.32,36.26
2025-05-16T10:00:00Z,-0.59,-41.41,33.44
2025-05-16T11:00:00Z,-12.44,-52.76,23.07
2025-05-16T12:00:00Z,-9.88,-51.41,29.2
2025-05-16T13:00:00Z,7.99,-35.16,42.22
2025-05-16T14:00:00Z,15.4,-27.65,49.88
2025-05-16T15:00:00Z,49.9,-0.19,85.77
2025-05-16T16:00:00Z,89.4,41.24,128.81
2025-05-16T17:00:00Z,114.97,68.78,157.27
2025-05-16T18:00:00Z,148.13,107.67,186.05
2025-05-16T19:00:00Z,125.88,93.32,154.08
2025-05-16T20:00:00Z,110.76,82.45,137.97
2025-05-16T21:00:00Z,102.66,73.85,127.72
2025-05-16T22:00:00Z,95.62,62.14,122.91
2025-05-16T23:00:00Z,92.44,59.09,121.73
2025-05-17T00:00:00Z,91.24,56.11,120.79
2025-05-17T01:00:00Z,90.1,55.76,119.63
2025-05-17T02:00:00Z,89.33,55.65,117.74
2025-05-17T03:00:00Z,87.58,53.99,113.23
2025-05-17T04:00:00Z,86.9,52.71,117.0
2025-05-17T05:00:00Z,83.47,42.82,119.15
2025-05-17T06:00:00Z,66.46,28.03,102.72
2025-05-17T07:00:00Z,39.67,-0.29,70.74
2025-05-17T08:00:00Z,-2.97,-44.49,30.43
2025-05-17T09:00:00Z,-11.92,-53.4,20.17
2025-05-17T10:00:00Z,-24.46,-65.29,9.56
2025-05-17T11:00:00Z,-27.09,-67.41,8.42
2025-05-17T12:00:00Z,-32.86,-74.39,6.22
2025-05-17T13:00:00Z,-18.27,-61.42,15.96
2025-05-17T14:00:00Z,0.66,-42.39,35.14
2025-05-17T15:00:00Z,37.07,-13.02,72.94
2025-05-17T16:00:00Z,85.01,36.85,124.41
2025-05-17T17:00:00Z,107.24,61.05,149.54
2025-05-17T18:00:00Z,121.91,81.45,159.83
2025-05-17T19:00:00Z,116.22,83.67,144.43
2025-05-17T20:00:00Z,105.45,77.13,132.66
2025-05-17T21:00:00Z,97.09,68.29,122.15
2025-05-17T22:00:00Z,82.35,48.87,109.64
2025-05-17T23:00:00Z,82.31,48.96,111.6
2025-05-18T00:00:00Z,74.84,39.7,104.39
2025-05-18T01:00:00Z,73.29,38.95,102.82
2025-05-18T02:00:00Z,71.78,38.1,100.2
2025-05-18T03:00:00Z,66.24,32.64,91.88
2025-05-18T04:00:00Z,57.84,23.65,87.94
2025-05-18T05:00:00Z,55.17,14.52,90.85
2025-05-18T06:00:00Z,20.07,-18.35,56.33
2025-05-18T07:00:00Z,-0.74,-40.7,30.33
2025-05-18T08:00:00Z,-12.35,-53.88,21.04
2025-05-18T09:00:00Z,-12.36,-53.85,19.73
2025-05-18T10:00:00Z,-24.11,-64.94,9.91
2025-05-18T11:00:00Z,-36.05,-76.38,-0.54
2025-05-18T12:00:00Z,-36.8,-78.33,2.27
2025-05-18T13:00:00Z,-19.65,-62.8,14.58
2025-05-18T14:00:00Z,-7.32,-50.37,27.16
2025-05-18T15:00:00Z,9.88,-40.2,45.76
2025-05-18T16:00:00Z,72.25,24.09,111.65
2025-05-18T17:00:00Z,99.78,53.59,142.08
2025-05-18T18:00:00Z,129.74,89.28,167.66
2025-05-18T19:00:00Z,126.07,93.51,154.27
2025-05-18T20:00:00Z,120.24,91.92,147.45
2025-05-18T21:00:00Z,107.58,78.77,132.64
2025-05-18T22:00:00Z,98.51,65.03,125.8
2025-05-18T23:00:00Z,94.85,61.5,124.14
2025-05-19T00:00:00Z,91.56,56.43,121.12
2025-05-19T01:00:00Z,92.33,57.99,121.86
2025-05-19T02:00:00Z,92.45,58.77,120.86
2025-05-19T03:00:00Z,110.81,77.21,136.45
2025-05-19T04:00:00Z,136.35,102.16,166.45
2025-05-19T05:00:00Z,146.94,106.29,182.62
2025-05-19T06:00:00Z,110.0,71.57,146.26
2025-05-19T07:00:00Z,83.47,43.52,114.55
2025-05-19T08:00:00Z,60.28,18.76,93.68
2025-05-19T09:00:00Z,49.93,8.44,82.02
2025-05-19T10:00:00Z,37.11,-3.72,71.14
2025-05-19T11:00:00Z,31.35,-8.98,66.86
2025-05-19T12:00:00Z,23.47,-18.06,62.55
2025-05-19T13:00:00Z,46.12,2.98,80.36
2025-05-19T14:00:00Z,55.41,12.35,89.89
2025-05-19T15:00:00Z,66.95,16.86,102.82
2025-05-19T16:00:00Z,92.51,44.35,131.92
2025-05-19T17:00:00Z,124.64,78.45,166.94
2025-05-19T18:00:00Z,160.92,120.45,198.83
2025-05-19T19:00:00Z,139.13,106.57,167.34
2025-05-19T20:00:00Z,118.6,90.29,145.82
2025-05-19T21:00:00Z,105.19,76.38,130.25
2025-05-19T22:00:00Z,95.04,61.56,122.33
2025-05-19T23:00:00Z,90.68,57.33,119.96
2025-05-20T00:00:00Z,87.97,52.84,117.53
2025-05-20T01:00:00Z,86.23,51.89,115.76
2025-05-20T02:00:00Z,91.26,57.58,119.68
2025-05-20T03:00:00Z,99.45,65.85,125.09
2025-05-20T04:00:00Z,121.76,87.58,151.86
2025-05-20T05:00:00Z,122.93,82.28,158.6
2025-05-20T06:00:00Z,99.92,61.49,136.18
2025-05-20T07:00:00Z,81.07,41.11,112.14
2025-05-20T08:00:00Z,61.54,20.01,94.93
2025-05-20T09:00:00Z,34.93,-6.56,67.01
2025-05-20T10:00:00Z,25.82,-15.01,59.85
2025-05-20T11:00:00Z,25.64,-14.69,61.14
2025-05-20T12:00:00Z,28.32,-13.21,67.4
2025-05-20T13:00:00Z,49.47,6.32,83.7
2025-05-20T14:00:00Z,58.76,15.7,93.24
2025-05-20T15:00:00Z,84.37,34.28,120.24
2025-05-20T16:00:00Z,109.75,61.59,149.15
2025-05-20T17:00:00Z,129.3,83.11,171.61
2025-05-20T18:00:00Z,182.35,141.88,220.26
2025-05-20T19:00:00Z,149.86,117.3,178.06
2025-05-20T20:00:00Z,127.69,99.38,154.9
2025-05-20T21:00:00Z,114.42,85.61,139.48
2025-05-20T22:00:00Z,107.9,74.42,135.19
2025-05-20T23:00:00Z,100.51,67.16,129.79
2025-05-21T00:00:00Z,95.84,60.71,125.39
2025-05-21T01:00:00Z,95.59,61.25,125.12
2025-05-21T02:00:00Z,96.17,62.49,124.59
2025-05-21T03:00:00Z,108.08,74.48,133.72
2025-05-21T04:00:00Z,139.42,105.24,169.52
2025-05-21T05:00:00Z,129.12,88.47,164.8
2025-05-21T06:00:00Z,105.46,67.04,141.73
2025-05-21T07:00:00Z,88.53,48.57,119.6
2025-05-21T08:00:00Z,68.23,26.71,101.63
2025-05-21T09:00:00Z,47.06,5.58,79.15
2025-05-21T10:00:00Z,33.95,-6.87,67.98
2025-05-21T11:00:00Z,29.26,-11.07,64.77
2025-05-21T12:00:00Z,29.92,-11.61,69.0
2025-05-21T13:00:00Z,37.13,-6.01,71.37
2025-05-21T14:00:00Z,67.14,24.08,101.62
2025-05-21T15:00:00Z,87.78,37.7,123.66
2025-05-21T16:00:00Z,117.28,69.13,156.69
2025-05-21T17:00:00Z,140.89,94.7,183.2
2025-05-21T18:00:00Z,188.08,147.62,226.0
2025-05-21T19:00:00Z,157.41,124.85,185.62
2025-05-21T20:00:00Z,126.42,98.11,153.63
2025-05-21T21:00:00Z,114.3,85.49,139.36
2025-05-21T22:00:00Z,107.91,74.43,135.2
2025-05-21T23:00:00Z,104.07,70.72,133.35
2025-05-22T00:00:00Z,96.95,61.82,126.51
2025-05-22T01:00:00Z,95.99,61.65,125.52
2025-05-22T02:00:00Z,99.85,66.17,128.27
2025-05-22T03:00:00Z,110.22,76.63,135.87
2025-05-22T04:00:00Z,123.37,89.19,153.47
2025-05-22T05:00:00Z,124.72,84.07,160.39
2025-05-22T06:00:00Z,109.11,70.68,145.37
2025-05-22T07:00:00Z,85.96,46.0,117.03
2025-05-22T08:00:00Z,55.45,13.93,88.85
2025-05-22T09:00:00Z,25.48,-16.0,57.57
2025-05-22T10:00:00Z,18.54,-22.29,52.56
2025-05-22T11:00:00Z,4.2,-36.13,39.71
2025-05-22T12:00:00Z,-0.82,-42.35,38.26
2025-05-22T13:00:00Z,9.35,-33.8,43.58
2025-05-22T14:00:00Z,29.42,-13.64,63.9
2025-05-22T15:00:00Z,62.04,11.96,97.91
2025-05-22T16:00:00Z,91.11,42.96,130.52
2025-05-22T17:00:00Z,105.41,59.21,147.71
2025-05-22T18:00:00Z,146.06,105.59,183.97
2025-05-22T19:00:00Z,115.15,82.59,143.36
2025-05-22T20:00:00Z,97.01,68.7,124.22
2025-05-22T21:00:00Z,83.5,54.69,108.55
2025-05-22T22:00:00Z,85.3,51.82,112.59
2025-05-22T23:00:00Z,79.44,46.09,108.72
2025-05-23T00:00:00Z,75.98,40.85,105.54
2025-05-23T01:00:00Z,75.16,40.82,104.69
2025-05-23T02:00:00Z,76.99,43.31,105.4
2025-05-23T03:00:00Z,85.98,52.38,111.62
2025-05-23T04:00:00Z,103.17,68.98,133.27
2025-05-23T05:00:00Z,105.26,64.61,140.93
2025-05-23T06:00:00Z,91.58,53.15,127.84
2025-05-23T07:00:00Z,56.34,16.39,87.42
2025-05-23T08:00:00Z,35.17,-6.36,68.56
2025-05-23T09:00:00Z,15.65,-25.84,47.74
2025-05-23T10:00:00Z,9.39,-31.44,43.42
2025-05-23T11:00:00Z,1.23,-39.1,36.74
2025-05-23T12:00:00Z,-3.41,-44.94,35.67
2025-05-23T13:00:00Z,16.34,-26.81,50.57
2025-05-23T14:00:00Z,26.78,-16.28,61.26
2025-05-23T15:00:00Z,43.86,-6.23,79.73
2025-05-23T16:00:00Z,67.06,18.9,106.46
2025-05-23T17:00:00Z,105.29,59.1,147.6
2025-05-23T18:00:00Z,140.89,100.42,178.8
2025-05-23T19:00:00Z,125.24,92.68,153.45
2025-05-23T20:00:00Z,112.43,84.12,139.65
2025-05-23T21:00:00Z,99.83,71.02,124.88
2025-05-23T22:00:00Z,90.91,57.43,118.2
2025-05-23T23:00:00Z,83.2,49.85,112.48
2025-05-24T00:00:00Z,80.71,45.58,110.27
2025-05-24T01:00:00Z,79.8,45.46,109.33
2025-05-24T02:00:00Z,79.87,46.2,108.29
2025-05-24T03:00:00Z,85.07,51.47,110.71
2025-05-24T04:00:00Z,90.23,56.05,120.33
2025-05-24T05:00:00Z,91.0,50.34,126.67
2025-05-24T06:00:00Z,69.68,31.26,105.94
2025-05-24T07:00:00Z,35.0,-4.96,66.07
2025-05-24T08:00:00Z,14.92,-26.6,48.32
2025-05-24T09:00:00Z,-4.11,-45.6,27.98
2025-05-24T10:00:00Z,-5.85,-46.68,28.18
2025-05-24T11:00:00Z,-20.59,-60.91,14.92
2025-05-24T12:00:00Z,-23.55,-65.08,15.53
2025-05-24T13:00:00Z,-10.34,-53.49,23.89
2025-05-24T14:00:00Z,-3.9,-46.95,30.59
2025-05-24T15:00:00Z,28.29,-21.79,64.17
2025-05-24T16:00:00Z,62.67,14.52,102.08
2025-05-24T17:00:00Z,91.95,45.76,134.25
2025-05-24T18:00:00Z,103.86,63.39,141.77
2025-05-24T19:00:00Z,107.73,75.17,135.94
2025-05-24T20:00:00Z,98.76,70.44,125.97
2025-05-24T21:00:00Z,94.31,65.5,119.36
2025-05-24T22:00:00Z,94.21,60.73,121.5
2025-05-24T23:00:00Z,88.23,54.88,117.51
2025-05-25T00:00:00Z,84.31,49.18,113.86
2025-05-25T01:00:00Z,79.54,45.19,109.06
2025-05-25T02:00:00Z,80.0,46.33,108.42
2025-05-25T03:00:00Z,76.83,43.23,102.47
2025-05-25T04:00:00Z,69.4,35.22,99.5
2025-05-25T05:00:00Z,63.21,22.56,98.89
2025-05-25T06:00:00Z,30.95,-7.48,67.21
2025-05-25T07:00:00Z,6.13,-33.83,37.2
2025-05-25T08:00:00Z,-8.83,-50.35,24.57
2025-05-25T09:00:00Z,-16.1,-57.59,15.99
2025-05-25T10:00:00Z,-20.19,-61.02,13.84
2025-05-25T11:00:00Z,-24.57,-64.9,10.93
2025-05-25T12:00:00Z,-24.26,-65.78,14.82
2025-05-25T13:00:00Z,-16.98,-60.12,17.26
2025-05-25T14:00:00Z,-0.25,-43.3,34.23
2025-05-25T15:00:00Z,28.81,-21.28,64.68
2025-05-25T16:00:00Z,75.46,27.3,114.87
2025-05-25T17:00:00Z,107.51,61.32,149.81
2025-05-25T18:00:00Z,121.9,81.44,159.82
2025-05-25T19:00:00Z,114.14,81.58,142.35
2025-05-25T20:00:00Z,98.22,69.9,125.43
2025-05-25T21:00:00Z,91.13,62.32,116.19
2025-05-25T22:00:00Z,87.43,53.95,114.72
2025-05-25T23:00:00Z,77.44,44.09,106.72
2025-05-26T00:00:00Z,74.53,39.4,104.09
2025-05-26T01:00:00Z,74.12,39.78,103.65
2025-05-26T02:00:00Z,75.66,41.98,104.07
2025-05-26T03:00:00Z,94.46,60.87,120.11
2025-05-26T04:00:00Z,116.01,81.83,146.11
2025-05-26T05:00:00Z,122.38,81.73,158.06
2025-05-26T06:00:00Z,104.49,66.06,140.75
2025-05-26T07:00:00Z,82.03,42.08,113.11
2025-05-26T08:00:00Z,67.88,26.36,101.28
2025-05-26T09:00:00Z,65.72,24.24,97.81
2025-05-26T10:00:00Z,60.87,20.04,94.9
2025-05-26T11:00:00Z,62.84,22.52,98.35
2025-05-26T12:00:00Z,52.63,11.1,91.71
2025-05-26T13:00:00Z,58.43,15.29,92.67
2025-05-26T14:00:00Z,68.96,25.91,103.44
2025-05-26T15:00:00Z,86.11,36.03,121.99
2025-05-26T16:00:00Z,105.94,57.79,145.35
2025-05-26T17:00:00Z,130.35,84.16,172.66
2025-05-26T18:00:00Z,145.96,105.49,183.87
2025-05-26T19:00:00Z,131.3,98.74,159.51
2025-05-26T20:00:00Z,117.82,89.51,145.03
2025-05-26T21:00:00Z,105.1,76.29,130.15
2025-05-26T22:00:00Z,96.81,63.33,124.1
2025-05-26T23:00:00Z,91.75,58.4,121.03
2025-05-27T00:00:00Z,84.9,49.77,114.46
2025-05-27T01:00:00Z,87.55,53.21,117.08
2025-05-27T02:00:00Z,91.12,57.45,119.54
2025-05-27T03:00:00Z,101.34,67.74,126.98
2025-05-27T04:00:00Z,125.89,91.7,155.98
2025-05-27T05:00:00Z,123.52,82.86,159.19
2025-05-27T06:00:00Z,98.44,60.01,134.7
2025-05-27T07:00:00Z,73.06,33.1,104.14
2025-05-27T08:00:00Z,41.83,0.31,75.23
2025-05-27T09:00:00Z,29.14,-12.34,61.23
2025-05-27T10:00:00Z,14.41,-26.42,48.44
2025-05-27T11:00:00Z,11.68,-28.64,47.19
2025-05-27T12:00:00Z,15.32,-26.21,54.4
2025-05-27T13:00:00Z,20.39,-22.76,54.62
2025-05-27T14:00:00Z,33.72,-9.33,68.21
2025-05-27T15:00:00Z,62.47,12.38,98.34
2025-05-27T16:00:00Z,102.57,54.41,141.98
2025-05-27T17:00:00Z,133.51,87.31,175.81
2025-05-27T18:00:00Z,174.99,134.53,212.91
2025-05-27T19:00:00Z,162.71,130.15,190.92
2025-05-27T20:00:00Z,124.82,96.51,152.03
2025-05-27T21:00:00Z,107.05,78.24,132.11
2025-05-27T22:00:00Z,92.26,58.78,119.55
2025-05-27T23:00:00Z,85.86,52.51,115.15
2025-05-28T00:00:00Z,75.34,40.2,104.89
2025-05-28T01:00:00Z,77.22,42.87,106.75
2025-05-28T02:00:00Z,78.3,44.62,106.71
2025-05-28T03:00:00Z,85.33,51.73,110.97
2025-05-28T04:00:00Z,107.3,73.11,137.39
2025-05-28T05:00:00Z,111.39,70.74,147.07
2025-05-28T06:00:00Z,93.94,55.52,130.2
2025-05-28T07:00:00Z,70.39,30.43,101.46
2025-05-28T08:00:00Z,39.94,-1.58,73.34
2025-05-28T09:00:00Z,28.17,-13.31,60.26
2025-05-28T10:00:00Z,25.48,-15.34,59.51
2025-05-28T11:00:00Z,26.29,-14.03,61.8
2025-05-28T12:00:00Z,29.64,-11.89,68.72
2025-05-28T13:00:00Z,31.9,-11.25,66.13
2025-05-28T14:00:00Z,51.9,8.85,86.38
2025-05-28T15:00:00Z,76.99,26.9,112.86
2025-05-28T16:00:00Z,105.53,57.38,144.94
2025-05-28T17:00:00Z,132.0,85.81,174.3
2025-05-28T18:00:00Z,144.88,104.41,182.79
2025-05-28T19:00:00Z,132.09,99.53,160.3
2025-05-28T20:00:00Z,116.22,87.91,143.43
2025-05-28T21:00:00Z,104.02,75.22,129.08
2025-05-28T22:00:00Z,94.45,60.97,121.74
2025-05-28T23:00:00Z,89.99,56.64,119.28
2025-05-29T00:00:00Z,90.9,55.77,120.46
2025-05-29T01:00:00Z,93.34,58.99,122.86
2025-05-29T02:00:00Z,94.2,60.52,122.61
2025-05-29T03:00:00Z,95.74,62.15,121.39
2025-05-29T04:00:00Z,119.25,85.06,149.34
2025-05-29T05:00:00Z,121.32,80.67,156.99
2025-05-29T06:00:00Z,111.52,73.09,147.78
2025-05-29T07:00:00Z,97.54,57.58,128.61
2025-05-29T08:00:00Z,81.64,40.11,115.03
2025-05-29T09:00:00Z,74.32,32.83,106.41
2025-05-29T10:00:00Z,65.42,24.59,99.45
2025-05-29T11:00:00Z,48.85,8.52,84.35
2025-05-29T12:00:00Z,44.97,3.44,84.05
2025-05-29T13:00:00Z,45.16,2.02,79.4
2025-05-29T14:00:00Z,57.51,14.46,91.99
2025-05-29T15:00:00Z,69.97,19.89,105.85
2025-05-29T16:00:00Z,93.74,45.58,133.14
2025-05-29T17:00:00Z,123.33,77.14,165.64
2025-05-29T18:00:00Z,149.92,109.46,187.84
2025-05-29T19:00:00Z,137.81,105.25,166.02
2025-05-29T20:00:00Z,123.6,95.28,150.81
2025-05-29T21:00:00Z,105.32,76.51,130.38
2025-05-29T22:00:00Z,100.32,66.84,127.61
2025-05-29T23:00:00Z,91.81,58.46,121.09
2025-05-30T00:00:00Z,87.1,51.96,116.65
2025-05-30T01:00:00Z,84.73,50.38,114.25
2025-05-30T02:00:00Z,84.9,51.22,113.31
2025-05-30T03:00:00Z,88.87,55.28,114.52
2025-05-30T04:00:00Z,99.5,65.32,129.6
2025-05-30T05:00:00Z,106.5,65.85,142.18
2025-05-30T06:00:00Z,90.75,52.32,127.01
2025-05-30T07:00:00Z,65.04,25.08,96.11
2025-05-30T08:00:00Z,32.48,-9.04,65.88
2025-05-30T09:00:00Z,23.52,-17.97,55.61
2025-05-30T10:00:00Z,19.65,-21.18,53.68
2025-05-30T11:00:00Z,14.42,-25.91,49.92
2025-05-30T12:00:00Z,15.15,-26.38,54.22
2025-05-30T13:00:00Z,25.68,-17.47,59.91
2025-05-30T14:00:00Z,36.04,-7.02,70.52
2025-05-30T15:00:00Z,63.13,13.05,99.01
2025-05-30T16:00:00Z,97.64,49.48,137.04
2025-05-30T17:00:00Z,114.13,67.93,156.43
2025-05-30T18:00:00Z,125.48,85.02,163.4
2025-05-30T19:00:00Z,122.04,89.48,150.25
2025-05-30T20:00:00Z,105.5,77.19,132.71
2025-05-30T21:00:00Z,86.99,58.18,112.04
2025-05-30T22:00:00Z,84.05,50.57,111.34
2025-05-30T23:00:00Z,73.88,40.53,103.16
2025-05-31T00:00:00Z,72.73,37.6,102.29
2025-05-31T01:00:00Z,68.53,34.19,98.06
2025-05-31T02:00:00Z,63.58,29.9,92.0
2025-05-31T03:00:00Z,70.22,36.62,95.86
2025-05-31T04:00:00Z,64.81,30.63,94.91
2025-05-31T05:00:00Z,53.18,12.52,88.85
2025-05-31T06:00:00Z,33.24,-5.19,69.5
2025-05-31T07:00:00Z,16.71,-23.25,47.78
2025-05-31T08:00:00Z,-1.76,-43.28,31.64
2025-05-31T09:00:00Z,-6.77,-48.26,25.31
2025-05-31T10:00:00Z,-2.76,-43.59,31.27
2025-05-31T11:00:00Z,-16.1,-56.42,19.41
2025-05-31T12:00:00Z,-19.93,-61.46,19.15
2025-05-31T13:00:00Z,-13.84,-56.98,20.4
2025-05-31T14:00:00Z,-1.61,-44.66,32.87
2025-05-31T15:00:00Z,16.72,-33.37,52.59
2025-05-31T16:00:00Z,65.11,16.95,104.52
2025-05-31T17:00:00Z,104.22,58.03,146.53
2025-05-31T18:00:00Z,104.74,64.28,142.66
2025-05-31T19:00:00Z,103.12,70.56,131.33
2025-05-31T20:00:00Z,97.17,68.85,124.38
2025-05-31T21:00:00Z,89.54,60.74,114.6
2025-05-31T22:00:00Z,79.72,46.24,107.01
2025-05-31T23:00:00Z,74.54,41.19,103.82
2025-06-01T00:00:00Z,72.78,37.65,102.34
2025-06-01T01:00:00Z,80.29,45.95,109.82
2025-06-01T02:00:00Z,72.22,38.54,100.64
2025-06-01T03:00:00Z,71.38,37.78,97.03
2025-06-01T04:00:00Z,70.3,36.12,100.4
2025-06-01T05:00:00Z,64.52,23.87,100.19
2025-06-01T06:00:00Z,45.33,6.9,81.59
2025-06-01T07:00:00Z,9.36,-30.6,40.43
2025-06-01T08:00:00Z,3.52,-38.0,36.92
2025-06-01T09:00:00Z,-4.66,-46.15,27.43
2025-06-01T10:00:00Z,-10.68,-51.51,23.35
2025-06-01T11:00:00Z,-20.12,-60.45,15.38
2025-06-01T12:00:00Z,-23.49,-65.02,15.59
2025-06-01T13:00:00Z,-14.42,-57.57,19.81
2025-06-01T14:00:00Z,-15.79,-58.85,18.69
2025-06-01T15:00:00Z,22.49,-27.59,58.37
2025-06-01T16:00:00Z,75.64,27.48,115.05
2025-06-01T17:00:00Z,103.08,56.89,145.39
2025-06-01T18:00:00Z,136.96,96.49,174.87
2025-06-01T19:00:00Z,136.73,104.17,164.94
2025-06-01T20:00:00Z,106.43,78.11,133.64
2025-06-01T21:00:00Z,90.72,61.91,115.77
2025-06-01T22:00:00Z,80.99,47.51,108.28
2025-06-01T23:00:00Z,77.74,44.39,107.02
2025-06-02T00:00:00Z,72.82,37.69,102.38
2025-06-02T01:00:00Z,72.22,37.88,101.75
2025-06-02T02:00:00Z,73.11,39.43,101.53
2025-06-02T03:00:00Z,79.27,45.67,104.91
2025-06-02T04:00:00Z,97.14,62.95,127.24
2025-06-02T05:00:00Z,110.83,70.18,146.51
2025-06-02T06:00:00Z,88.81,50.38,125.07
2025-06-02T07:00:00Z,69.17,29.21,100.24
2025-06-02T08:00:00Z,51.31,9.78,84.7
2025-06-02T09:00:00Z,39.02,-2.47,71.11
2025-06-02T10:00:00Z,23.66,-17.17,57.68
2025-06-02T11:00:00Z,20.53,-19.8,56.03
2025-06-02T12:00:00Z,25.15,-16.37,64.23
2025-06-02T13:00:00Z,25.21,-17.93,59.45
2025-06-02T14:00:00Z,35.14,-7.92,69.62
2025-06-02T15:00:00Z,44.8,-5.28,80.67
2025-06-02T16:00:00Z,99.15,50.99,138.56
2025-06-02T17:00:00Z,136.14,89.95,178.44
2025-06-02T18:00:00Z,174.0,133.54,211.92
2025-06-02T19:00:00Z,158.0,125.44,186.21
2025-06-02T20:00:00Z,138.8,110.49,166.02
2025-06-02T21:00:00Z,114.33,85.52,139.39
2025-06-02T22:00:00Z,111.16,77.68,138.45
2025-06-02T23:00:00Z,104.86,71.51,134.15
2025-06-03T00:00:00Z,101.47,66.34,131.02
2025-06-03T01:00:00Z,100.86,66.52,130.39
2025-06-03T02:00:00Z,102.69,69.01,131.1
2025-06-03T03:00:00Z,118.1,84.5,143.74
2025-06-03T04:00:00Z,136.8,102.61,166.9
2025-06-03T05:00:00Z,135.6,94.95,171.28
2025-06-03T06:00:00Z,112.88,74.45,149.14
2025-06-03T07:00:00Z,92.74,52.78,123.81
2025-06-03T08:00:00Z,76.21,34.68,109.6
2025-06-03T09:00:00Z,53.73,12.24,85.82
2025-06-03T10:00:00Z,39.0,-1.82,73.03
2025-06-03T11:00:00Z,31.89,-8.43,67.4
2025-06-03T12:00:00Z,32.39,-9.13,71.47
2025-06-03T13:00:00Z,35.71,-7.43,69.95
2025-06-03T14:00:00Z,59.96,16.91,94.44
2025-06-03T15:00:00Z,78.91,28.83,114.79
2025-06-03T16:00:00Z,105.36,57.2,144.77
2025-06-03T17:00:00Z,148.67,102.47,190.97
2025-06-03T18:00:00Z,187.76,147.29,225.67
2025-06-03T19:00:00Z,172.32,139.76,200.52
2025-06-03T20:00:00Z,125.7,97.38,152.91
2025-06-03T21:00:00Z,109.26,80.45,134.31
2025-06-03T22:00:00Z,109.27,75.79,136.56
2025-06-03T23:00:00Z,96.92,63.57,126.2
2025-06-04T00:00:00Z,92.46,57.33,122.02
2025-06-04T01:00:00Z,90.11,55.77,119.64
2025-06-04T02:00:00Z,89.57,55.89,117.99
2025-06-04T03:00:00Z,99.27,65.67,124.91
2025-06-04T04:00:00Z,123.31,89.13,153.41
2025-06-04T05:00:00Z,115.7,75.05,151.37
2025-06-04T06:00:00Z,102.92,64.5,139.18
2025-06-04T07:00:00Z,74.78,34.83,105.86
2025-06-04T08:00:00Z,45.2,3.67,78.59
2025-06-04T09:00:00Z,29.97,-11.52,62.05
2025-06-04T10:00:00Z,27.82,-13.01,61.85
2025-06-04T11:00:00Z,24.73,-15.59,60.24
2025-06-04T12:00:00Z,27.06,-14.47,66.14
2025-06-04T13:00:00Z,29.64,-13.51,63.87
2025-06-04T14:00:00Z,34.92,-8.13,69.4
2025-06-04T15:00:00Z,71.89,21.81,107.77
2025-06-04T16:00:00Z,95.33,47.18,134.74
2025-06-04T17:00:00Z,110.44,64.25,152.75
2025-06-04T18:00:00Z,149.7,109.23,187.61
2025-06-04T19:00:00Z,131.52,98.96,159.73
2025-06-04T20:00:00Z,102.42,74.11,129.64
2025-06-04T21:00:00Z,91.28,62.47,116.33
2025-06-04T22:00:00Z,89.98,56.5,117.27
2025-06-04T23:00:00Z,82.22,48.87,111.51
2025-06-05T00:00:00Z,71.41,36.28,100.97
2025-06-05T01:00:00Z,75.47,41.13,105.0
2025-06-05T02:00:00Z,79.49,45.81,107.91
2025-06-05T03:00:00Z,88.34,54.74,113.98
2025-06-05T04:00:00Z,105.81,71.62,135.9
2025-06-05T05:00:00Z,105.19,64.53,140.86
2025-06-05T06:00:00Z,90.97,52.55,127.23
2025-06-05T07:00:00Z,71.68,31.72,102.76
2025-06-05T08:00:00Z,55.32,13.8,88.72
2025-06-05T09:00:00Z,36.8,-4.69,68.89
2025-06-05T10:00:00Z,31.6,-9.23,65.63
2025-06-05T11:00:00Z,32.5,-7.82,68.01
2025-06-05T12:00:00Z,35.51,-6.02,74.59
2025-06-05T13:00:00Z,49.18,6.03,83.41
2025-06-05T14:00:00Z,54.21,11.16,88.69
2025-06-05T15:00:00Z,74.33,24.25,110.21
2025-06-05T16:00:00Z,100.49,52.33,139.9
2025-06-05T17:00:00Z,126.73,80.54,169.03
2025-06-05T18:00:00Z,153.53,113.06,191.44
2025-06-05T19:00:00Z,153.82,121.26,182.03
2025-06-05T20:00:00Z,125.55,97.24,152.76
2025-06-05T21:00:00Z,107.52,78.72,132.58
2025-06-05T22:00:00Z,100.28,66.8,127.57
2025-06-05T23:00:00Z,96.54,63.19,125.82
2025-06-06T00:00:00Z,94.87,59.73,124.42
2025-06-06T01:00:00Z,90.91,56.57,120.44
2025-06-06T02:00:00Z,90.52,56.84,118.93
2025-06-06T03:00:00Z,95.87,62.27,121.51
2025-06-06T04:00:00Z,120.76,86.57,150.86
2025-06-06T05:00:00Z,122.23,81.58,157.91
2025-06-06T06:00:00Z,109.61,71.19,145.87
2025-06-06T07:00:00Z,86.32,46.36,117.39
2025-06-06T08:00:00Z,68.16,26.64,101.56
2025-06-06T09:00:00Z,57.7,16.21,89.79
2025-06-06T10:00:00Z,37.12,-3.71,71.15
2025-06-06T11:00:00Z,28.28,-12.05,63.79
2025-06-06T12:00:00Z,23.99,-17.54,63.07
2025-06-06T13:00:00Z,32.68,-10.47,66.92
2025-06-06T14:00:00Z,54.2,11.15,88.68
2025-06-06T15:00:00Z,78.15,28.07,114.03
2025-06-06T16:00:00Z,98.45,50.3,137.86
2025-06-06T17:00:00Z,120.06,73.87,162.36
2025-06-06T18:00:00Z,138.28,97.82,176.2
2025-06-06T19:00:00Z,137.39,104.83,165.59
2025-06-06T20:00:00Z,114.86,86.55,142.07
2025-06-06T21:00:00Z,94.94,66.13,120.0
2025-06-06T22:00:00Z,89.12,55.64,116.41
2025-06-06T23:00:00Z,85.79,52.44,115.07
2025-06-07T00:00:00Z,80.77,45.64,110.33
2025-06-07T01:00:00Z,81.45,47.11,110.98
2025-06-07T02:00:00Z,78.53,44.85,106.95
2025-06-07T03:00:00Z,70.72,37.12,96.36
2025-06-07T04:00:00Z,73.1,38.91,103.2
2025-06-07T05:00:00Z,66.76,26.11,102.43
2025-06-07T06:00:00Z,52.62,14.19,88.88
2025-06-07T07:00:00Z,11.93,-28.03,43.0
2025-06-07T08:00:00Z,-9.89,-51.42,23.5
2025-06-07T09:00:00Z,-6.25,-47.73,25.84
2025-06-07T10:00:00Z,-10.31,-51.13,23.72
2025-06-07T11:00:00Z,-23.86,-64.19,11.65
2025-06-07T12:00:00Z,-28.17,-69.7,10.91
2025-06-07T13:00:00Z,-10.3,-53.44,23.94
2025-06-07T14:00:00Z,-4.38,-47.43,30.1
2025-06-07T15:00:00Z,24.16,-25.93,60.03
2025-06-07T16:00:00Z,79.65,31.5,119.06
2025-06-07T17:00:00Z,111.22,65.03,153.52
2025-06-07T18:00:00Z,134.15,93.69,172.07
2025-06-07T19:00:00Z,128.64,96.08,156.85
2025-06-07T20:00:00Z,111.15,82.83,138.36
2025-06-07T21:00:00Z,101.65,72.84,126.71
2025-06-07T22:00:00Z,87.28,53.8,114.57
2025-06-07T23:00:00Z,73.31,39.96,102.59
2025-06-08T00:00:00Z,78.71,43.58,108.27
2025-06-08T01:00:00Z,73.44,39.1,102.97
2025-06-08T02:00:00Z,74.85,41.17,103.26
2025-06-08T03:00:00Z,68.57,34.97,94.21
2025-06-08T04:00:00Z,58.45,24.26,88.55
2025-06-08T05:00:00Z,58.81,18.16,94.49
2025-06-08T06:00:00Z,54.03,15.6,90.29
2025-06-08T07:00:00Z,29.38,-10.58,60.45
2025-06-08T08:00:00Z,12.23,-29.3,45.62
2025-06-08T09:00:00Z,-0.65,-42.13,31.44
2025-06-08T10:00:00Z,-7.75,-48.58,26.28
2025-06-08T11:00:00Z,-22.22,-62.54,13.29
2025-06-08T12:00:00Z,-27.86,-69.39,11.22
2025-06-08T13:00:00Z,-22.82,-65.96,11.42
2025-06-08T14:00:00Z,-11.73,-54.78,22.75
2025-06-08T15:00:00Z,13.9,-36.18,49.77
2025-06-08T16:00:00Z,55.07,6.91,94.48
2025-06-08T17:00:00Z,85.34,39.15,127.64
2025-06-08T18:00:00Z,104.33,63.87,142.25
2025-06-08T19:00:00Z,105.95,73.39,134.16
2025-06-08T20:00:00Z,91.89,63.58,119.11
2025-06-08T21:00:00Z,81.58,52.78,106.64
2025-06-08T22:00:00Z,84.8,51.32,112.09
2025-06-08T23:00:00Z,77.22,43.87,106.51
2025-06-09T00:00:00Z,72.25,37.12,101.81
2025-06-09T01:00:00Z,66.82,32.48,96.35
2025-06-09T02:00:00Z,70.85,37.17,99.26
2025-06-09T03:00:00Z,73.75,40.15,99.4
2025-06-09T04:00:00Z,95.54,61.35,125.64
2025-06-09T05:00:00Z,101.59,60.94,137.27
2025-06-09T06:00:00Z,86.85,48.42,123.11
2025-06-09T07:00:00Z,59.55,19.59,90.63
2025-06-09T08:00:00Z,42.07,0.54,75.46
2025-06-09T09:00:00Z,33.61,-7.87,65.7
2025-06-09T10:00:00Z,34.56,-6.27,68.59
2025-06-09T11:00:00Z,27.8,-12.53,63.31
2025-06-09T12:00:00Z,21.51,-20.02,60.59
2025-06-09T13:00:00Z,24.01,-19.14,58.24
2025-06-09T14:00:00Z,33.9,-9.16,68.38
2025-06-09T15:00:00Z,49.5,-0.58,85.38
2025-06-09T16:00:00Z,84.31,36.16,123.72
2025-06-09T17:00:00Z,124.69,78.49,166.99
2025-06-09T18:00:00Z,164.31,123.84,202.22
2025-06-09T19:00:00Z,155.38,122.82,183.59
2025-06-09T20:00:00Z,125.14,96.83,152.35
2025-06-09T21:00:00Z,103.54,74.73,128.6
2025-06-09T22:00:00Z,90.49,57.01,117.78
2025-06-09T23:00:00Z,80.0,46.65,109.28
2025-06-10T00:00:00Z,77.25,42.12,106.81
2025-06-10T01:00:00Z,77.43,43.09,106.96
2025-06-10T02:00:00Z,83.72,50.04,112.14
2025-06-10T03:00:00Z,90.98,57.39,116.63
2025-06-10T04:00:00Z,100.21,66.03,130.31
2025-06-10T05:00:00Z,102.16,61.5,137.83
2025-06-10T06:00:00Z,81.9,43.48,118.16
2025-06-10T07:00:00Z,53.52,13.56,84.59
2025-06-10T08:00:00Z,39.58,-1.95,72.97
2025-06-10T09:00:00Z,34.15,-7.34,66.24
2025-06-10T10:00:00Z,24.88,-15.95,58.91
2025-06-10T11:00:00Z,21.56,-18.77,57.06
2025-06-10T12:00:00Z,30.66,-10.87,69.74
2025-06-10T13:00:00Z,35.14,-8.01,69.37
2025-06-10T14:00:00Z,53.17,10.11,87.65
2025-06-10T15:00:00Z,78.41,28.33,114.29
2025-06-10T16:00:00Z,105.23,57.08,144.64
2025-06-10T17:00:00Z,134.19,88.0,176.5
2025-06-10T18:00:00Z,150.93,110.47,188.85
2025-06-10T19:00:00Z,141.69,109.13,169.89
2025-06-10T20:00:00Z,129.57,101.26,156.78
2025-06-10T21:00:00Z,107.45,78.65,132.51
2025-06-10T22:00:00Z,97.21,63.73,124.5
2025-06-10T23:00:00Z,88.23,54.88,117.51
2025-06-11T00:00:00Z,80.17,45.04,109.72
2025-06-11T01:00:00Z,75.31,40.96,104.83
2025-06-11T02:00:00Z,76.2,42.52,104.62
2025-06-11T03:00:00Z,86.78,53.18,112.42
2025-06-11T04:00:00Z,112.16,77.98,142.26
2025-06-11T05:00:00Z,113.51,72.86,149.19
2025-06-11T06:00:00Z,93.16,54.74,129.42
2025-06-11T07:00:00Z,80.23,40.27,111.31
2025-06-11T08:00:00Z,60.74,19.22,94.14
2025-06-11T09:00:00Z,50.0,8.51,82.09
2025-06-11T10:00:00Z,44.43,3.61,78.46
2025-06-11T11:00:00Z,41.79,1.46,77.29
2025-06-11T12:00:00Z,45.33,3.8,84.41
2025-06-11T13:00:00Z,39.12,-4.02,73.36
2025-06-11T14:00:00Z,50.99,7.93,85.47
2025-06-11T15:00:00Z,76.55,26.47,112.43
2025-06-11T16:00:00Z,101.98,53.83,141.39
2025-06-11T17:00:00Z,124.86,78.67,167.16
2025-06-11T18:00:00Z,150.57,110.1,188.48
2025-06-11T19:00:00Z,146.98,114.43,175.19
2025-06-11T20:00:00Z,132.45,104.14,159.66
2025-06-11T21:00:00Z,117.11,88.3,142.16
2025-06-11T22:00:00Z,93.8,60.32,121.09
2025-06-11T23:00:00Z,90.15,56.8,119.43
2025-06-12T00:00:00Z,91.95,56.81,121.5
2025-06-12T01:00:00Z,90.51,56.17,120.04
2025-06-12T02:00:00Z,91.27,57.59,119.68
2025-06-12T03:00:00Z,97.47,63.87,123.11
2025-06-12T04:00:00Z,110.34,76.16,140.44
2025-06-12T05:00:00Z,114.89,74.24,150.57
2025-06-12T06:00:00Z,99.1,60.68,135.36
2025-06-12T07:00:00Z,76.17,36.21,107.25
2025-06-12T08:00:00Z,45.43,3.9,78.82
2025-06-12T09:00:00Z,41.17,-0.32,73.26
2025-06-12T10:00:00Z,28.43,-12.39,62.46
2025-06-12T11:00:00Z,21.69,-18.63,57.2
2025-06-12T12:00:00Z,20.88,-20.65,59.95
2025-06-12T13:00:00Z,25.04,-18.11,59.27
2025-06-12T14:00:00Z,32.84,-10.21,67.32
2025-06-12T15:00:00Z,74.37,24.29,110.25
2025-06-12T16:00:00Z,101.64,53.49,141.05
2025-06-12T17:00:00Z,123.49,77.3,165.79
2025-06-12T18:00:00Z,164.81,124.35,202.73
2025-06-12T19:00:00Z,148.47,115.91,176.67
2025-06-12T20:00:00Z,122.96,94.65,150.17
2025-06-12T21:00:00Z,102.97,74.16,128.02
2025-06-12T22:00:00Z,95.61,62.13,122.9
2025-06-12T23:00:00Z,88.03,54.68,117.31
2025-06-13T00:00:00Z,81.43,46.3,110.99
2025-06-13T01:00:00Z,78.14,43.8,107.67
2025-06-13T02:00:00Z,83.33,49.65,111.75
2025-06-13T03:00:00Z,92.14,58.54,117.78
2025-06-13T04:00:00Z,114.18,80.0,144.28
2025-06-13T05:00:00Z,110.5,69.85,146.18
2025-06-13T06:00:00Z,95.34,56.91,131.6
2025-06-13T07:00:00Z,68.5,28.54,99.57
2025-06-13T08:00:00Z,34.05,-7.47,67.45
2025-06-13T09:00:00Z,26.3,-15.19,58.39
2025-06-13T10:00:00Z,14.61,-26.22,48.64
2025-06-13T11:00:00Z,9.08,-31.25,44.58
2025-06-13T12:00:00Z,5.09,-36.44,44.17
2025-06-13T13:00:00Z,11.44,-31.7,45.68
2025-06-13T14:00:00Z,25.43,-17.63,59.91
2025-06-13T15:00:00Z,44.74,-5.34,80.61
2025-06-13T16:00:00Z,81.35,33.2,120.76
2025-06-13T17:00:00Z,115.64,69.45,157.95
2025-06-13T18:00:00Z,133.48,93.02,171.4
2025-06-13T19:00:00Z,131.7,99.14,159.91
2025-06-13T20:00:00Z,128.83,100.52,156.04
2025-06-13T21:00:00Z,112.51,83.7,137.56
2025-06-13T22:00:00Z,95.87,62.39,123.16
2025-06-13T23:00:00Z,84.57,51.22,113.85
2025-06-14T00:00:00Z,84.35,49.22,113.9
2025-06-14T01:00:00Z,80.43,46.09,109.96
2025-06-14T02:00:00Z,82.98,49.3,111.39
2025-06-14T03:00:00Z,78.59,44.99,104.23
2025-06-14T04:00:00Z,71.69,37.5,101.78
2025-06-14T05:00:00Z,74.8,34.15,110.48
2025-06-14T06:00:00Z,51.09,12.66,87.35
2025-06-14T07:00:00Z,24.17,-15.79,55.24
2025-06-14T08:00:00Z,3.61,-37.91,37.01
2025-06-14T09:00:00Z,-5.31,-46.79,26.78
2025-06-14T10:00:00Z,-10.43,-51.26,23.59
2025-06-14T11:00:00Z,-16.97,-57.3,18.54
2025-06-14T12:00:00Z,-18.91,-60.44,20.17
2025-06-14T13:00:00Z,-15.92,-59.07,18.31
2025-06-14T14:00:00Z,-6.58,-49.63,27.9
2025-06-14T15:00:00Z,25.86,-24.22,61.74
2025-06-14T16:00:00Z,69.11,20.95,108.51
2025-06-14T17:00:00Z,109.36,63.17,151.67
2025-06-14T18:00:00Z,130.21,89.75,168.13
2025-06-14T19:00:00Z,117.0,84.44,145.2
2025-06-14T20:00:00Z,107.23,78.91,134.44
2025-06-14T21:00:00Z,87.37,58.56,112.42
2025-06-14T22:00:00Z,68.84,35.36,96.13
2025-06-14T23:00:00Z,57.33,23.98,86.61
2025-06-15T00:00:00Z,52.01,16.88,81.57
2025-06-15T01:00:00Z,50.87,16.53,80.4
2025-06-15T02:00:00Z,48.55,14.88,76.97
2025-06-15T03:00:00Z,45.87,12.27,71.51
2025-06-15T04:00:00Z,30.35,-3.83,60.45
2025-06-15T05:00:00Z,21.47,-19.18,57.14
2025-06-15T06:00:00Z,6.97,-31.45,43.23
2025-06-15T07:00:00Z,-9.42,-49.38,21.65
2025-06-15T08:00:00Z,-14.7,-56.23,18.69
2025-06-15T09:00:00Z,-15.26,-56.75,16.83
2025-06-15T10:00:00Z,-29.51,-70.34,4.52
2025-06-15T11:00:00Z,-34.72,-75.05,0.78
2025-06-15T12:00:00Z,-37.25,-78.78,1.83
2025-06-15T13:00:00Z,-22.22,-65.36,12.02
2025-06-15T14:00:00Z,-9.01,-52.06,25.47
2025-06-15T15:00:00Z,11.69,-38.4,47.56
2025-06-15T16:00:00Z,70.98,22.83,110.39
2025-06-15T17:00:00Z,103.52,57.33,145.83
2025-06-15T18:00:00Z,121.89,81.43,159.81
2025-06-15T19:00:00Z,116.95,84.39,145.15
2025-06-15T20:00:00Z,113.54,85.22,140.75
2025-06-15T21:00:00Z,98.22,69.42,123.28
2025-06-15T22:00:00Z,95.44,61.96,122.73
2025-06-15T23:00:00Z,93.19,59.84,122.47
2025-06-16T00:00:00Z,92.18,57.04,121.73
2025-06-16T01:00:00Z,90.27,55.93,119.8
2025-06-16T02:00:00Z,86.08,52.4,114.49
2025-06-16T03:00:00Z,88.01,54.41,113.65
2025-06-16T04:00:00Z,105.94,71.76,136.04
2025-06-16T05:00:00Z,109.71,69.06,145.39
2025-06-16T06:00:00Z,99.69,61.26,135.95
2025-06-16T07:00:00Z,76.55,36.6,107.63
2025-06-16T08:00:00Z,68.05,26.53,101.45
2025-06-16T09:00:00Z,51.91,10.42,84.0
2025-06-16T10:00:00Z,42.85,2.02,76.88
2025-06-16T11:00:00Z,36.62,-3.7,72.13
2025-06-16T12:00:00Z,36.75,-4.78,75.83
2025-06-16T13:00:00Z,49.18,6.03,83.41
2025-06-16T14:00:00Z,62.77,19.72,97.25
2025-06-16T15:00:00Z,80.62,30.54,116.5
2025-06-16T16:00:00Z,96.8,48.64,136.21
2025-06-16T17:00:00Z,127.12,80.92,169.42
2025-06-16T18:00:00Z,150.88,110.42,188.8
2025-06-16T19:00:00Z,145.38,112.82,173.59
2025-06-16T20:00:00Z,118.12,89.81,145.33
2025-06-16T21:00:00Z,98.7,69.9,123.76
2025-06-16T22:00:00Z,99.81,66.33,127.1
2025-06-16T23:00:00Z,92.66,59.31,121.95
2025-06-17T00:00:00Z,89.08,53.94,118.63
2025-06-17T01:00:00Z,88.88,54.54,118.41
2025-06-17T02:00:00Z,92.59,58.91,121.01
2025-06-17T03:00:00Z,100.74,67.14,126.38
2025-06-17T04:00:00Z,126.13,91.95,156.23
2025-06-17T05:00:00Z,130.17,89.52,165.84
2025-06-17T06:00:00Z,110.47,72.05,146.73
2025-06-17T07:00:00Z,95.97,56.01,127.04
2025-06-17T08:00:00Z,77.16,35.63,110.55
2025-06-17T09:00:00Z,66.89,25.41,98.98
2025-06-17T10:00:00Z,42.75,1.92,76.78
2025-06-17T11:00:00Z,38.12,-2.21,73.62
2025-06-17T12:00:00Z,40.95,-0.58,80.03
2025-06-17T13:00:00Z,44.81,1.67,79.05
2025-06-17T14:00:00Z,54.07,11.02,88.55
2025-06-17T15:00:00Z,82.36,32.28,118.24
2025-06-17T16:00:00Z,110.81,62.66,150.22
2025-06-17T17:00:00Z,135.88,89.69,178.18
2025-06-17T18:00:00Z,175.03,134.57,212.95
2025-06-17T19:00:00Z,160.02,127.46,188.23
2025-06-17T20:00:00Z,135.88,107.56,163.09
2025-06-17T21:00:00Z,117.04,88.23,142.09
2025-06-17T22:00:00Z,114.42,80.94,141.71
2025-06-17T23:00:00Z,102.65,69.3,131.93
2025-06-18T00:00:00Z,95.66,60.52,125.21
2025-06-18T01:00:00Z,94.3,59.96,123.83
2025-06-18T02:00:00Z,96.56,62.88,124.97
2025-06-18T03:00:00Z,107.16,73.56,132.8
2025-06-18T04:00:00Z,122.49,88.3,152.58
2025-06-18T05:00:00Z,122.15,81.5,157.83
2025-06-18T06:00:00Z,104.67,66.25,140.93
2025-06-18T07:00:00Z,85.87,45.91,116.94
2025-06-18T08:00:00Z,57.93,16.41,91.33
2025-06-18T09:00:00Z,42.42,0.93,74.51
2025-06-18T10:00:00Z,31.05,-9.78,65.08
2025-06-18T11:00:00Z,32.96,-7.37,68.46
2025-06-18T12:00:00Z,32.9,-8.63,71.98
2025-06-18T13:00:00Z,28.87,-14.28,63.1
2025-06-18T14:00:00Z,40.28,-2.77,74.76
2025-06-18T15:00:00Z,77.76,27.67,113.63
2025-06-18T16:00:00Z,99.6,51.45,139.01
2025-06-18T17:00:00Z,124.57,78.38,166.87
2025-06-18T18:00:00Z,177.96,137.5,215.87
2025-06-18T19:00:00Z,173.94,141.38,202.14
2025-06-18T20:00:00Z,120.29,91.98,147.5
2025-06-18T21:00:00Z,102.59,73.78,127.65
2025-06-18T22:00:00Z,89.63,56.15,116.92
2025-06-18T23:00:00Z,83.24,49.89,112.52
2025-06-19T00:00:00Z,81.02,45.88,110.57
2025-06-19T01:00:00Z,77.73,43.39,107.26
2025-06-19T02:00:00Z,79.72,46.04,108.14
2025-06-19T03:00:00Z,87.55,53.95,113.19
2025-06-19T04:00:00Z,93.32,59.14,123.42
2025-06-19T05:00:00Z,99.23,58.58,134.91
2025-06-19T06:00:00Z,93.68,55.26,129.94
2025-06-19T07:00:00Z,72.56,32.6,103.63
2025-06-19T08:00:00Z,46.51,4.98,79.9
2025-06-19T09:00:00Z,31.36,-10.12,63.45
2025-06-19T10:00:00Z,25.01,-15.82,59.04
2025-06-19T11:00:00Z,16.59,-23.74,52.09
2025-06-19T12:00:00Z,16.35,-25.18,55.43
2025-06-19T13:00:00Z,18.82,-24.32,53.06
2025-06-19T14:00:00Z,25.91,-17.14,60.39
2025-06-19T15:00:00Z,62.55,12.46,98.42
2025-06-19T16:00:00Z,85.48,37.32,124.88
2025-06-19T17:00:00Z,106.36,60.17,148.66
2025-06-19T18:00:00Z,145.72,105.25,183.63
2025-06-19T19:00:00Z,155.02,122.46,183.23
2025-06-19T20:00:00Z,123.01,94.7,150.23
2025-06-19T21:00:00Z,107.23,78.42,132.28
2025-06-19T22:00:00Z,105.16,71.68,132.45
2025-06-19T23:00:00Z,100.23,66.88,129.52
2025-06-20T00:00:00Z,95.93,60.8,125.49
2025-06-20T01:00:00Z,90.26,55.92,119.79
2025-06-20T02:00:00Z,90.25,56.57,118.67
2025-06-20T03:00:00Z,94.01,60.41,119.65
2025-06-20T04:00:00Z,96.33,62.14,126.42
2025-06-20T05:00:00Z,98.63,57.98,134.31
2025-06-20T06:00:00Z,76.74,38.31,113.0
2025-06-20T07:00:00Z,43.06,3.1,74.14
2025-06-20T08:00:00Z,27.17,-14.36,60.56
2025-06-20T09:00:00Z,15.52,-25.96,47.61
2025-06-20T10:00:00Z,6.17,-34.65,40.2
2025-06-20T11:00:00Z,-0.59,-40.92,34.91
2025-06-20T12:00:00Z,2.59,-38.94,41.67
2025-06-20T13:00:00Z,7.42,-35.73,41.65
2025-06-20T14:00:00Z,18.75,-24.3,53.23
2025-06-20T15:00:00Z,42.15,-7.93,78.02
2025-06-20T16:00:00Z,86.91,38.75,126.31
2025-06-20T17:00:00Z,113.92,67.73,156.23
2025-06-20T18:00:00Z,154.35,113.89,192.27
2025-06-20T19:00:00Z,166.72,134.16,194.93
2025-06-20T20:00:00Z,133.78,105.46,160.99
2025-06-20T21:00:00Z,121.71,92.91,146.77
2025-06-20T22:00:00Z,95.78,62.3,123.07
2025-06-20T23:00:00Z,86.92,53.57,116.2
2025-06-21T00:00:00Z,85.19,50.05,114.74
2025-06-21T01:00:00Z,87.39,53.05,116.92
2025-06-21T02:00:00Z,87.11,53.44,115.53
2025-06-21T03:00:00Z,85.19,51.59,110.83
2025-06-21T04:00:00Z,82.17,47.99,112.27
2025-06-21T05:00:00Z,79.29,38.64,114.97
2025-06-21T06:00:00Z,60.13,21.71,96.39
2025-06-21T07:00:00Z,35.23,-4.73,66.3
2025-06-21T08:00:00Z,-3.11,-44.63,30.29
2025-06-21T09:00:00Z,-10.92,-52.4,21.17
2025-06-21T10:00:00Z,-25.64,-66.47,8.39
2025-06-21T11:00:00Z,-27.44,-67.76,8.07
2025-06-21T12:00:00Z,-21.77,-63.3,17.31
2025-06-21T13:00:00Z,-14.82,-57.97,19.41
2025-06-21T14:00:00Z,2.35,-40.7,36.84
2025-06-21T15:00:00Z,36.18,-13.91,72.05
2025-06-21T16:00:00Z,82.87,34.71,122.28
2025-06-21T17:00:00Z,107.26,61.06,149.56
2025-06-21T18:00:00Z,157.63,117.17,195.55
2025-06-21T19:00:00Z,150.2,117.64,178.41
2025-06-21T20:00:00Z,112.62,84.3,139.83
2025-06-21T21:00:00Z,96.69,67.88,121.75
2025-06-21T22:00:00Z,90.94,57.46,118.23
2025-06-21T23:00:00Z,86.44,53.09,115.72
2025-06-22T00:00:00Z,87.4,52.27,116.95
2025-06-22T01:00:00Z,84.88,50.54,114.41
2025-06-22T02:00:00Z,86.02,52.34,114.44
2025-06-22T03:00:00Z,79.61,46.01,105.25
2025-06-22T04:00:00Z,71.98,37.8,102.08
2025-06-22T05:00:00Z,62.02,21.36,97.69
2025-06-22T06:00:00Z,33.96,-4.47,70.22
2025-06-22T07:00:00Z,11.17,-28.79,42.24
2025-06-22T08:00:00Z,-9.77,-51.3,23.62
2025-06-22T09:00:00Z,-15.67,-57.15,16.42
2025-06-22T10:00:00Z,-18.69,-59.52,15.34
2025-06-22T11:00:00Z,-23.36,-63.69,12.15
2025-06-22T12:00:00Z,-21.02,-62.55,18.06
2025-06-22T13:00:00Z,-12.53,-55.67,21.71
2025-06-22T14:00:00Z,3.76,-39.29,38.24
2025-06-22T15:00:00Z,26.69,-23.39,62.57
2025-06-22T16:00:00Z,90.91,42.75,130.31
2025-06-22T17:00:00Z,117.87,71.68,160.17
2025-06-22T18:00:00Z,141.85,101.39,179.77
2025-06-22T19:00:00Z,145.09,112.53,173.29
2025-06-22T20:00:00Z,124.67,96.36,151.88
2025-06-22T21:00:00Z,104.61,75.81,129.67
2025-06-22T22:00:00Z,104.59,71.11,131.88
2025-06-22T23:00:00Z,91.31,57.96,120.59
2025-06-23T00:00:00Z,86.05,50.92,115.6
2025-06-23T01:00:00Z,81.82,47.48,111.35
2025-06-23T02:00:00Z,83.54,49.86,111.95
2025-06-23T03:00:00Z,89.66,56.06,115.31
2025-06-23T04:00:00Z,111.87,77.69,141.97
2025-06-23T05:00:00Z,115.57,74.92,151.25
2025-06-23T06:00:00Z,90.22,51.8,126.48
2025-06-23T07:00:00Z,69.74,29.79,100.82
2025-06-23T08:00:00Z,52.46,10.94,85.86
2025-06-23T09:00:00Z,34.76,-6.73,66.85
2025-06-23T10:00:00Z,29.51,-11.32,63.54
2025-06-23T11:00:00Z,13.43,-26.89,48.94
2025-06-23T12:00:00Z,12.8,-28.73,51.88
2025-06-23T13:00:00Z,22.22,-20.93,56.45
2025-06-23T14:00:00Z,42.64,-0.41,77.12
2025-06-23T15:00:00Z,62.1,12.02,97.98
2025-06-23T16:00:00Z,105.7,57.54,145.11
2025-06-23T17:00:00Z,150.28,104.09,192.58
2025-06-23T18:00:00Z,204.29,163.82,242.2
2025-06-23T19:00:00Z,190.89,158.33,219.09
2025-06-23T20:00:00Z,151.92,123.6,179.13
2025-06-23T21:00:00Z,130.95,102.15,156.01
2025-06-23T22:00:00Z,113.33,79.85,140.62
2025-06-23T23:00:00Z,94.49,61.14,123.78
2025-06-24T00:00:00Z,90.12,54.99,119.67
2025-06-24T01:00:00Z,81.92,47.58,111.45
2025-06-24T02:00:00Z,85.48,51.8,113.9
2025-06-24T03:00:00Z,106.54,72.94,132.18
2025-06-24T04:00:00Z,138.17,103.99,168.27
2025-06-24T05:00:00Z,125.26,84.61,160.93
2025-06-24T06:00:00Z,94.01,55.58,130.27
2025-06-24T07:00:00Z,69.78,29.83,100.86
2025-06-24T08:00:00Z,38.42,-3.11,71.81
2025-06-24T09:00:00Z,18.92,-22.57,51.01
2025-06-24T10:00:00Z,14.81,-26.02,48.84
2025-06-24T11:00:00Z,1.64,-38.68,37.15
2025-06-24T12:00:00Z,16.93,-24.6,56.01
2025-06-24T13:00:00Z,20.1,-23.05,54.33
2025-06-24T14:00:00Z,37.63,-5.43,72.11
2025-06-24T15:00:00Z,59.04,8.95,94.91
2025-06-24T16:00:00Z,99.28,51.12,138.68
2025-06-24T17:00:00Z,136.36,90.16,178.66
2025-06-24T18:00:00Z,190.63,150.17,228.55
2025-06-24T19:00:00Z,188.62,156.06,216.83
2025-06-24T20:00:00Z,164.42,136.11,191.63
2025-06-24T21:00:00Z,144.04,115.24,169.1
2025-06-24T22:00:00Z,113.29,79.81,140.58
2025-06-24T23:00:00Z,107.7,74.35,136.98
2025-06-25T00:00:00Z,102.26,67.12,131.81
2025-06-25T01:00:00Z,102.21,67.86,131.74
2025-06-25T02:00:00Z,100.14,66.46,128.56
2025-06-25T03:00:00Z,107.53,73.93,133.17
2025-06-25T04:00:00Z,111.7,77.52,141.8
2025-06-25T05:00:00Z,120.45,79.8,156.12
2025-06-25T06:00:00Z,106.02,67.59,142.28
2025-06-25T07:00:00Z,81.58,41.62,112.65
2025-06-25T08:00:00Z,57.55,16.02,90.94
2025-06-25T09:00:00Z,36.57,-4.91,68.66
2025-06-25T10:00:00Z,32.49,-8.34,66.52
2025-06-25T11:00:00Z,31.96,-8.36,67.47
2025-06-25T12:00:00Z,28.52,-13.01,67.6
2025-06-25T13:00:00Z,29.08,-14.07,63.31
2025-06-25T14:00:00Z,46.43,3.37,80.91
2025-06-25T15:00:00Z,75.2,25.12,111.08
2025-06-25T16:00:00Z,107.18,59.02,146.58
2025-06-25T17:00:00Z,138.96,92.77,181.26
2025-06-25T18:00:00Z,159.9,119.43,197.81
2025-06-25T19:00:00Z,162.27,129.71,190.47
2025-06-25T20:00:00Z,138.91,110.6,166.12
2025-06-25T21:00:00Z,119.34,90.53,144.39
2025-06-25T22:00:00Z,109.93,76.45,137.22
2025-06-25T23:00:00Z,102.34,68.99,131.62
2025-06-26T00:00:00Z,102.94,67.81,132.5
2025-06-26T01:00:00Z,105.31,70.97,134.84
2025-06-26T02:00:00Z,102.91,69.23,131.32
2025-06-26T03:00:00Z,111.26,77.67,136.91
2025-06-26T04:00:00Z,125.03,90.85,155.13
2025-06-26T05:00:00Z,118.4,77.75,154.07
2025-06-26T06:00:00Z,106.13,67.71,142.4
2025-06-26T07:00:00Z,81.11,41.15,112.18
2025-06-26T08:00:00Z,45.09,3.56,78.48
2025-06-26T09:00:00Z,24.84,-16.64,56.93
2025-06-26T10:00:00Z,17.34,-23.49,51.36
2025-06-26T11:00:00Z,8.71,-31.62,44.21
2025-06-26T12:00:00Z,9.11,-32.42,48.19
2025-06-26T13:00:00Z,7.73,-35.41,41.97
2025-06-26T14:00:00Z,37.89,-5.16,72.37
2025-06-26T15:00:00Z,67.24,17.16,103.12
2025-06-26T16:00:00Z,96.26,48.11,135.67
2025-06-26T17:00:00Z,121.04,74.84,163.34
2025-06-26T18:00:00Z,182.44,141.97,220.35
2025-06-26T19:00:00Z,189.65,157.09,217.85
2025-06-26T20:00:00Z,152.81,124.49,180.02
2025-06-26T21:00:00Z,127.83,99.02,152.89
2025-06-26T22:00:00Z,116.04,82.56,143.33
2025-06-26T23:00:00Z,110.03,76.68,139.31
2025-06-27T00:00:00Z,111.96,76.83,141.52
2025-06-27T01:00:00Z,102.33,67.99,131.86
2025-06-27T02:00:00Z,107.44,73.77,135.86
2025-06-27T03:00:00Z,111.89,78.29,137.53
2025-06-27T04:00:00Z,122.14,87.96,152.24
2025-06-27T05:00:00Z,126.32,85.67,162.0
2025-06-27T06:00:00Z,116.7,78.28,152.96
2025-06-27T07:00:00Z,99.3,59.34,130.37
2025-06-27T08:00:00Z,88.88,47.36,122.28
2025-06-27T09:00:00Z,58.99,17.5,91.08
2025-06-27T10:00:00Z,39.42,-1.4,73.45
2025-06-27T11:00:00Z,35.8,-4.53,71.3
2025-06-27T12:00:00Z,36.67,-4.86,75.75
2025-06-27T13:00:00Z,44.4,1.26,78.64
2025-06-27T14:00:00Z,60.6,17.55,95.08
2025-06-27T15:00:00Z,68.17,18.09,104.05
2025-06-27T16:00:00Z,92.69,44.53,132.09
2025-06-27T17:00:00Z,106.14,59.95,148.44
2025-06-27T18:00:00Z,118.61,78.15,156.53
2025-06-27T19:00:00Z,120.02,87.46,148.23
2025-06-27T20:00:00Z,116.18,87.87,143.39
2025-06-27T21:00:00Z,105.47,76.66,130.52
2025-06-27T22:00:00Z,89.47,55.99,116.76
2025-06-27T23:00:00Z,82.16,48.81,111.44
2025-06-28T00:00:00Z,78.32,43.19,107.87
2025-06-28T01:00:00Z,76.7,42.36,106.23
2025-06-28T02:00:00Z,77.76,44.09,106.18
2025-06-28T03:00:00Z,80.86,47.26,106.5
2025-06-28T04:00:00Z,90.11,55.93,120.21
2025-06-28T05:00:00Z,83.6,42.95,119.28
2025-06-28T06:00:00Z,70.8,32.37,107.06
2025-06-28T07:00:00Z,53.55,13.6,84.63
2025-06-28T08:00:00Z,21.42,-20.11,54.81
2025-06-28T09:00:00Z,11.69,-29.8,43.77
2025-06-28T10:00:00Z,-11.86,-52.69,22.16
2025-06-28T11:00:00Z,-19.17,-59.49,16.34
2025-06-28T12:00:00Z,-21.94,-63.47,17.14
2025-06-28T13:00:00Z,-13.31,-56.45,20.93
2025-06-28T14:00:00Z,2.22,-40.83,36.7
2025-06-28T15:00:00Z,30.12,-19.96,66.0
2025-06-28T16:00:00Z,76.86,28.7,116.27
2025-06-28T17:00:00Z,100.56,54.37,142.86
2025-06-28T18:00:00Z,129.27,88.81,167.19
2025-06-28T19:00:00Z,138.59,106.04,166.8
2025-06-28T20:00:00Z,123.04,94.72,150.25
2025-06-28T21:00:00Z,112.05,83.24,137.11
2025-06-28T22:00:00Z,101.34,67.86,128.63
2025-06-28T23:00:00Z,94.01,60.66,123.29
2025-06-29T00:00:00Z,82.69,47.55,112.24
2025-06-29T01:00:00Z,82.18,47.84,111.71
2025-06-29T02:00:00Z,76.38,42.7,104.8
2025-06-29T03:00:00Z,72.28,38.69,97.93
2025-06-29T04:00:00Z,57.75,23.56,87.85
2025-06-29T05:00:00Z,45.26,4.61,80.94
2025-06-29T06:00:00Z,16.05,-22.38,52.31
2025-06-29T07:00:00Z,-7.31,-47.27,23.76
2025-06-29T08:00:00Z,-18.01,-59.54,15.38
2025-06-29T09:00:00Z,-18.6,-60.08,13.49
2025-06-29T10:00:00Z,-22.77,-63.59,11.26
2025-06-29T11:00:00Z,-32.38,-72.71,3.12
2025-06-29T12:00:00Z,-34.89,-76.42,4.19
2025-06-29T13:00:00Z,-26.2,-69.34,8.04
2025-06-29T14:00:00Z,-9.64,-52.7,24.84
2025-06-29T15:00:00Z,21.91,-28.17,57.78
2025-06-29T16:00:00Z,58.6,10.44,98.01
2025-06-29T17:00:00Z,103.75,57.56,146.06
2025-06-29T18:00:00Z,118.74,78.28,156.66
2025-06-29T19:00:00Z,125.11,92.55,153.32
2025-06-29T20:00:00Z,115.5,87.19,142.71
2025-06-29T21:00:00Z,102.92,74.11,127.98
2025-06-29T22:00:00Z,97.37,63.89,124.66
2025-06-29T23:00:00Z,91.14,57.79,120.42
2025-06-30T00:00:00Z,90.37,55.24,119.93
2025-06-30T01:00:00Z,89.74,55.39,119.27
2025-06-30T02:00:00Z,88.2,54.52,116.61
2025-06-30T03:00:00Z,95.41,61.81,121.05
2025-06-30T04:00:00Z,120.37,86.18,150.47
2025-06-30T05:00:00Z,124.05,83.4,159.73
2025-06-30T06:00:00Z,102.95,64.53,139.21
2025-06-30T07:00:00Z,79.06,39.1,110.13
2025-06-30T08:00:00Z,77.4,35.87,110.79
2025-06-30T09:00:00Z,55.75,14.26,87.84
2025-06-30T10:00:00Z,45.31,4.48,79.34
2025-06-30T11:00:00Z,27.69,-12.64,63.2
2025-06-30T12:00:00Z,26.03,-15.5,65.11
2025-06-30T13:00:00Z,30.29,-12.85,64.53
2025-06-30T14:00:00Z,47.3,4.25,81.78
2025-06-30T15:00:00Z,74.24,24.16,110.11
2025-06-30T16:00:00Z,107.94,59.79,147.35
2025-06-30T17:00:00Z,151.1,104.91,193.4
2025-06-30T18:00:00Z,171.81,131.34,209.72
2025-06-30T19:00:00Z,170.03,137.47,198.24
2025-06-30T20:00:00Z,150.49,122.18,177.7
2025-06-30T21:00:00Z,125.99,97.18,151.05
2025-06-30T22:00:00Z,115.35,81.87,142.64
2025-06-30T23:00:00Z,102.44,69.09,131.73
2025-07-01T00:00:00Z,97.49,62.36,127.05
2025-07-01T01:00:00Z,98.1,63.75,127.62
2025-07-01T02:00:00Z,98.72,65.05,127.14
2025-07-01T03:00:00Z,111.84,78.24,137.48
2025-07-01T04:00:00Z,133.39,99.2,163.48
2025-07-01T05:00:00Z,124.05,83.4,159.73
2025-07-01T06:00:00Z,105.94,67.51,142.2
2025-07-01T07:00:00Z,83.41,43.45,114.48
2025-07-01T08:00:00Z,65.69,24.16,99.08
2025-07-01T09:00:00Z,46.46,4.98,78.55
2025-07-01T10:00:00Z,29.59,-11.24,63.62
2025-07-01T11:00:00Z,20.94,-19.38,56.45
2025-07-01T12:00:00Z,21.33,-20.2,60.41
2025-07-01T13:00:00Z,45.64,2.5,79.88
2025-07-01T14:00:00Z,66.71,23.66,101.19
2025-07-01T15:00:00Z,84.82,34.74,120.7
2025-07-01T16:00:00Z,115.13,66.98,154.54
2025-07-01T17:00:00Z,140.85,94.65,183.15
2025-07-01T18:00:00Z,173.17,132.71,211.09
2025-07-01T19:00:00Z,181.85,149.29,210.05
2025-07-01T20:00:00Z,142.31,113.99,169.52
2025-07-01T21:00:00Z,120.42,91.61,145.48
2025-07-01T22:00:00Z,105.75,72.27,133.04
2025-07-01T23:00:00Z,93.09,59.74,122.37
2025-07-02T00:00:00Z,87.59,52.45,117.14
2025-07-02T01:00:00Z,88.81,54.46,118.33
2025-07-02T02:00:00Z,90.05,56.37,118.47
2025-07-02T03:00:00Z,98.28,64.69,123.93
2025-07-02T04:00:00Z,115.55,81.37,145.65
2025-07-02T05:00:00Z,118.53,77.87,154.2
2025-07-02T06:00:00Z,108.02,69.59,144.28
2025-07-02T07:00:00Z,88.94,48.98,120.02
2025-07-02T08:00:00Z,69.82,28.29,103.21
2025-07-02T09:00:00Z,54.59,13.11,86.68
2025-07-02T10:00:00Z,36.35,-4.47,70.38
2025-07-02T11:00:00Z,22.09,-18.23,57.6
2025-07-02T12:00:00Z,39.76,-1.77,78.83
2025-07-02T13:00:00Z,49.51,6.37,83.75
2025-07-02T14:00:00Z,66.13,23.08,100.62
2025-07-02T15:00:00Z,77.19,27.1,113.06
2025-07-02T16:00:00Z,101.39,53.23,140.79
2025-07-02T17:00:00Z,157.19,111.0,199.49
2025-07-02T18:00:00Z,298.48,258.02,336.4
2025-07-02T19:00:00Z,286.9,254.34,315.11
2025-07-02T20:00:00Z,176.07,147.75,203.28
2025-07-02T21:00:00Z,135.64,106.83,160.7
2025-07-02T22:00:00Z,111.79,78.31,139.08
2025-07-02T23:00:00Z,90.93,57.58,120.21
2025-07-03T00:00:00Z,91.18,56.05,120.73
2025-07-03T01:00:00Z,85.16,50.82,114.69
2025-07-03T02:00:00Z,88.09,54.41,116.51
2025-07-03T03:00:00Z,95.88,62.28,121.52
2025-07-03T04:00:00Z,119.91,85.73,150.01
2025-07-03T05:00:00Z,124.28,83.63,159.96
2025-07-03T06:00:00Z,112.51,74.09,148.77
2025-07-03T07:00:00Z,89.67,49.71,120.74
2025-07-03T08:00:00Z,54.68,13.16,88.08
2025-07-03T09:00:00Z,45.65,4.16,77.74
2025-07-03T10:00:00Z,22.33,-18.5,56.35
2025-07-03T11:00:00Z,26.55,-13.78,62.05
2025-07-03T12:00:00Z,38.09,-3.44,77.17
2025-07-03T13:00:00Z,47.6,4.45,81.83
2025-07-03T14:00:00Z,61.85,18.8,96.33
2025-07-03T15:00:00Z,87.8,37.72,123.68
2025-07-03T16:00:00Z,102.98,54.82,142.38
2025-07-03T17:00:00Z,161.06,114.87,203.37
2025-07-03T18:00:00Z,202.86,162.39,240.77
2025-07-03T19:00:00Z,175.63,143.07,203.84
2025-07-03T20:00:00Z,147.03,118.71,174.24
2025-07-03T21:00:00Z,122.13,93.32,147.18
2025-07-03T22:00:00Z,97.99,64.51,125.28
2025-07-03T23:00:00Z,91.68,58.33,120.96
2025-07-04T00:00:00Z,88.5,53.36,118.05
2025-07-04T01:00:00Z,83.02,48.67,112.54
2025-07-04T02:00:00Z,82.27,48.59,110.68
2025-07-04T03:00:00Z,96.53,62.93,122.17
2025-07-04T04:00:00Z,109.54,75.35,139.64
2025-07-04T05:00:00Z,108.51,67.85,144.18
2025-07-04T06:00:00Z,105.33,66.9,141.59
2025-07-04T07:00:00Z,91.44,51.48,122.51
2025-07-04T08:00:00Z,64.14,22.61,97.53
2025-07-04T09:00:00Z,48.66,7.17,80.74
2025-07-04T10:00:00Z,36.81,-4.02,70.83
2025-07-04T11:00:00Z,24.91,-15.41,60.42
2025-07-04T12:00:00Z,17.08,-24.45,56.16
2025-07-04T13:00:00Z,31.58,-11.56,65.82
2025-07-04T14:00:00Z,41.86,-1.2,76.34
2025-07-04T15:00:00Z,71.1,21.02,106.98
2025-07-04T16:00:00Z,95.28,47.12,134.69
2025-07-04T17:00:00Z,125.97,79.78,168.27
2025-07-04T18:00:00Z,172.97,132.5,210.88
2025-07-04T19:00:00Z,168.04,135.48,196.24
2025-07-04T20:00:00Z,129.18,100.87,156.4
2025-07-04T21:00:00Z,112.04,83.23,137.09
2025-07-04T22:00:00Z,96.4,62.92,123.69
2025-07-04T23:00:00Z,83.28,49.93,112.56
2025-07-05T00:00:00Z,73.84,38.71,103.4
2025-07-05T01:00:00Z,72.31,37.96,101.84
2025-07-05T02:00:00Z,70.94,37.26,99.36
2025-07-05T03:00:00Z,72.53,38.93,98.17
2025-07-05T04:00:00Z,80.04,45.85,110.13
2025-07-05T05:00:00Z,77.39,36.74,113.06
2025-07-05T06:00:00Z,56.98,18.55,93.24
2025-07-05T07:00:00Z,46.07,6.11,77.14
2025-07-05T08:00:00Z,20.02,-21.51,53.41
2025-07-05T09:00:00Z,-8.72,-50.2,23.37
2025-07-05T10:00:00Z,-12.33,-53.16,21.7
2025-07-05T11:00:00Z,-13.49,-53.81,22.02
2025-07-05T12:00:00Z,-12.88,-54.41,26.2
2025-07-05T13:00:00Z,-1.08,-44.22,33.16
2025-07-05T14:00:00Z,6.16,-36.89,40.64
2025-07-05T15:00:00Z,32.89,-17.19,68.76
2025-07-05T16:00:00Z,76.58,28.42,115.98
2025-07-05T17:00:00Z,118.04,71.85,160.35
2025-07-05T18:00:00Z,148.73,108.27,186.65
2025-07-05T19:00:00Z,142.25,109.7,170.46
2025-07-05T20:00:00Z,116.14,87.82,143.35
2025-07-05T21:00:00Z,105.57,76.76,130.63
2025-07-05T22:00:00Z,94.89,61.41,122.18
2025-07-05T23:00:00Z,84.38,51.03,113.66
2025-07-06T00:00:00Z,80.71,45.58,110.26
2025-07-06T01:00:00Z,78.03,43.69,107.56
2025-07-06T02:00:00Z,76.74,43.06,105.15
2025-07-06T03:00:00Z,70.55,36.95,96.19
2025-07-06T04:00:00Z,54.42,20.24,84.52
2025-07-06T05:00:00Z,41.18,0.53,76.85
2025-07-06T06:00:00Z,16.25,-22.18,52.51
2025-07-06T07:00:00Z,-13.49,-53.45,17.58
2025-07-06T08:00:00Z,-10.21,-51.74,23.18
2025-07-06T09:00:00Z,-15.36,-56.85,16.73
2025-07-06T10:00:00Z,-23.6,-64.42,10.43
2025-07-06T11:00:00Z,-29.48,-69.81,6.02
2025-07-06T12:00:00Z,-32.43,-73.96,6.65
2025-07-06T13:00:00Z,-26.5,-69.65,7.73
2025-07-06T14:00:00Z,-9.85,-52.9,24.64
2025-07-06T15:00:00Z,5.52,-44.56,41.4
2025-07-06T16:00:00Z,64.21,16.06,103.62
2025-07-06T17:00:00Z,103.26,57.07,145.56
2025-07-06T18:00:00Z,139.14,98.67,177.05
2025-07-06T19:00:00Z,136.23,103.67,164.44
2025-07-06T20:00:00Z,127.37,99.06,154.58
2025-07-06T21:00:00Z,108.82,80.01,133.88
2025-07-06T22:00:00Z,97.81,64.33,125.1
2025-07-06T23:00:00Z,99.03,65.68,128.31
2025-07-07T00:00:00Z,91.04,55.91,120.6
2025-07-07T01:00:00Z,87.65,53.31,117.18
2025-07-07T02:00:00Z,88.85,55.17,117.27
2025-07-07T03:00:00Z,92.93,59.34,118.58
2025-07-07T04:00:00Z,113.77,79.59,143.87
2025-07-07T05:00:00Z,119.82,79.16,155.49
2025-07-07T06:00:00Z,106.77,68.35,143.04
2025-07-07T07:00:00Z,80.19,40.23,111.26
2025-07-07T08:00:00Z,69.42,27.89,102.81
2025-07-07T09:00:00Z,64.48,22.99,96.56
2025-07-07T10:00:00Z,60.33,19.5,94.35
2025-07-07T11:00:00Z,57.72,17.4,93.23
2025-07-07T12:00:00Z,59.35,17.82,98.43
2025-07-07T13:00:00Z,60.06,16.92,94.3
2025-07-07T14:00:00Z,71.16,28.1,105.64
2025-07-07T15:00:00Z,74.54,24.45,110.41
2025-07-07T16:00:00Z,97.17,49.02,136.58
2025-07-07T17:00:00Z,122.75,76.56,165.05
2025-07-07T18:00:00Z,163.23,122.77,201.15
2025-07-07T19:00:00Z,166.99,134.43,195.2
2025-07-07T20:00:00Z,134.13,105.81,161.34
2025-07-07T21:00:00Z,115.81,87.01,140.87
2025-07-07T22:00:00Z,107.27,73.79,134.56
2025-07-07T23:00:00Z,98.96,65.61,128.24
2025-07-08T00:00:00Z,96.33,61.2,125.88
2025-07-08T01:00:00Z,91.08,56.74,120.61
2025-07-08T02:00:00Z,93.8,60.12,122.22
2025-07-08T03:00:00Z,102.48,68.88,128.12
2025-07-08T04:00:00Z,123.88,89.7,153.98
2025-07-08T05:00:00Z,125.36,84.71,161.03
2025-07-08T06:00:00Z,114.63,76.2,150.89
2025-07-08T07:00:00Z,90.17,50.21,121.24
2025-07-08T08:00:00Z,82.84,41.32,116.24
2025-07-08T09:00:00Z,83.94,42.45,116.03
2025-07-08T10:00:00Z,65.81,24.98,99.84
2025-07-08T11:00:00Z,58.05,17.72,93.55
2025-07-08T12:00:00Z,62.19,20.66,101.27
2025-07-08T13:00:00Z,67.22,24.08,101.46
2025-07-08T14:00:00Z,70.42,27.37,104.9
2025-07-08T15:00:00Z,76.09,26.01,111.97
2025-07-08T16:00:00Z,100.41,52.25,139.81
2025-07-08T17:00:00Z,119.55,73.35,161.85
2025-07-08T18:00:00Z,137.9,97.44,175.82
2025-07-08T19:00:00Z,127.2,94.64,155.4
2025-07-08T20:00:00Z,122.08,93.77,149.29
2025-07-08T21:00:00Z,108.45,79.64,133.5
2025-07-08T22:00:00Z,96.71,63.23,124.0
2025-07-08T23:00:00Z,92.75,59.4,122.04
2025-07-09T00:00:00Z,86.55,51.42,116.11
2025-07-09T01:00:00Z,86.58,52.24,116.11
2025-07-09T02:00:00Z,88.23,54.55,116.64
2025-07-09T03:00:00Z,93.75,60.15,119.39
2025-07-09T04:00:00Z,104.07,69.89,134.17
2025-07-09T05:00:00Z,112.83,72.18,148.5
2025-07-09T06:00:00Z,102.31,63.88,138.57
2025-07-09T07:00:00Z,79.94,39.98,111.01
2025-07-09T08:00:00Z,68.13,26.6,101.52
2025-07-09T09:00:00Z,62.78,21.3,94.87
2025-07-09T10:00:00Z,49.25,8.42,83.28
2025-07-09T11:00:00Z,52.77,12.45,88.28
2025-07-09T12:00:00Z,45.51,3.99,84.59
2025-07-09T13:00:00Z,47.08,3.93,81.31
2025-07-09T14:00:00Z,57.06,14.01,91.54
2025-07-09T15:00:00Z,77.33,27.25,113.21
2025-07-09T16:00:00Z,90.07,41.92,129.48
2025-07-09T17:00:00Z,116.12,69.93,158.42
2025-07-09T18:00:00Z,145.92,105.46,183.84
2025-07-09T19:00:00Z,145.13,112.57,173.33
2025-07-09T20:00:00Z,133.57,105.26,160.78
2025-07-09T21:00:00Z,113.01,84.2,138.07
2025-07-09T22:00:00Z,104.19,70.71,131.48
2025-07-09T23:00:00Z,98.66,65.31,127.94
2025-07-10T00:00:00Z,90.82,55.69,120.38
2025-07-10T01:00:00Z,88.41,54.07,117.94
2025-07-10T02:00:00Z,89.2,55.52,117.62
2025-07-10T03:00:00Z,96.94,63.34,122.58
2025-07-10T04:00:00Z,113.03,78.85,143.13
2025-07-10T05:00:00Z,113.99,73.34,149.67
2025-07-10T06:00:00Z,111.72,73.29,147.98
2025-07-10T07:00:00Z,93.76,53.8,124.83
2025-07-10T08:00:00Z,81.96,40.43,115.35
2025-07-10T09:00:00Z,74.79,33.3,106.87
2025-07-10T10:00:00Z,61.37,20.55,95.4
2025-07-10T11:00:00Z,47.21,6.89,82.72
2025-07-10T12:00:00Z,44.03,2.51,83.11
2025-07-10T13:00:00Z,51.58,8.43,85.81
2025-07-10T14:00:00Z,62.4,19.35,96.88
2025-07-10T15:00:00Z,75.16,25.08,111.04
2025-07-10T16:00:00Z,91.21,43.06,130.62
2025-07-10T17:00:00Z,106.6,60.41,148.9
2025-07-10T18:00:00Z,123.76,83.3,161.68
2025-07-10T19:00:00Z,129.33,96.77,157.53
2025-07-10T20:00:00Z,121.68,93.37,148.9
