period_label,start,end,product_type,forecast_mean_eur_mwh,forecast_p10,forecast_p90,n_hours
2025-W40-base,2025-10-01 00:00:00+00:00,2025-10-06 23:00:00+00:00,base,83.14,44.13,115.63,144
2025-W40-peak,2025-10-01 06:00:00+00:00,2025-10-06 17:00:00+00:00,peak,104.16,57.75,141.09,48
2025-W40-offpeak,2025-10-01 00:00:00+00:00,2025-10-06 23:00:00+00:00,offpeak,72.62,37.32,102.9,96
2025-W41-base,2025-10-07 00:00:00+00:00,2025-10-13 23:00:00+00:00,base,87.01,48.0,119.5,168
2025-W41-peak,2025-10-07 06:00:00+00:00,2025-10-13 17:00:00+00:00,peak,96.86,50.44,133.78,60
2025-W41-offpeak,2025-10-07 00:00:00+00:00,2025-10-13 23:00:00+00:00,offpeak,81.53,46.64,111.56,108
2025-W42-base,2025-10-14 00:00:00+00:00,2025-10-20 23:00:00+00:00,base,107.36,68.36,139.86,168
2025-W42-peak,2025-10-14 06:00:00+00:00,2025-10-20 17:00:00+00:00,peak,131.85,85.44,168.78,60
2025-W42-offpeak,2025-10-14 00:00:00+00:00,2025-10-20 23:00:00+00:00,offpeak,93.76,58.87,123.79,108
2025-W43-base,2025-10-21 00:00:00+00:00,2025-10-27 23:00:00+00:00,base,91.66,52.63,124.14,168
2025-W43-peak,2025-10-21 06:00:00+00:00,2025-10-27 18:00:00+00:00,peak,114.72,68.31,151.65,60
2025-W43-offpeak,2025-10-21 00:00:00+00:00,2025-10-27 23:00:00+00:00,offpeak,78.84,43.92,108.86,108
2025-W44-base,2025-10-28 00:00:00+00:00,2025-11-03 23:00:00+00:00,base,89.87,50.87,122.37,168
2025-W44-peak,2025-10-28 07:00:00+00:00,2025-11-03 18:00:00+00:00,peak,109.09,62.68,146.02,60
2025-W44-offpeak,2025-10-28 00:00:00+00:00,2025-11-03 23:00:00+00:00,offpeak,79.2,44.31,109.23,108
2025-W45-base,2025-11-04 00:00:00+00:00,2025-11-10 23:00:00+00:00,base,86.52,47.51,119.01,168
2025-W45-peak,2025-11-04 07:00:00+00:00,2025-11-10 18:00:00+00:00,peak,100.7,54.28,137.62,60
2025-W45-offpeak,2025-11-04 00:00:00+00:00,2025-11-10 23:00:00+00:00,offpeak,78.64,43.75,108.67,108
2025-W46-base,2025-11-11 00:00:00+00:00,2025-11-17 23:00:00+00:00,base,84.42,45.42,116.92,168
2025-W46-peak,2025-11-11 07:00:00+00:00,2025-11-17 18:00:00+00:00,peak,100.59,54.18,137.52,60
2025-W46-offpeak,2025-11-11 00:00:00+00:00,2025-11-17 23:00:00+00:00,offpeak,75.44,40.55,105.47,108
2025-W47-base,2025-11-18 00:00:00+00:00,2025-11-24 23:00:00+00:00,base,101.98,62.97,134.47,168
2025-W47-peak,2025-11-18 07:00:00+00:00,2025-11-24 18:00:00+00:00,peak,118.19,71.78,155.12,60
2025-W47-offpeak,2025-11-18 00:00:00+00:00,2025-11-24 23:00:00+00:00,offpeak,92.97,58.08,123.0,108
2025-W48-base,2025-11-25 00:00:00+00:00,2025-12-01 23:00:00+00:00,base,142.94,103.94,175.44,168
2025-W48-peak,2025-11-25 07:00:00+00:00,2025-12-01 18:00:00+00:00,peak,214.31,167.9,251.24,60
2025-W48-offpeak,2025-11-25 00:00:00+00:00,2025-12-01 23:00:00+00:00,offpeak,103.29,68.4,133.32,108
2025-W49-base,2025-12-02 00:00:00+00:00,2025-12-08 23:00:00+00:00,base,125.55,86.54,158.04,168
2025-W49-peak,2025-12-02 07:00:00+00:00,2025-12-08 18:00:00+00:00,peak,172.83,126.42,209.76,60
2025-W49-offpeak,2025-12-02 00:00:00+00:00,2025-12-08 23:00:00+00:00,offpeak,99.28,64.39,129.31,108
2025-W50-base,2025-12-09 00:00:00+00:00,2025-12-15 23:00:00+00:00,base,96.38,57.37,128.87,168
2025-W50-peak,2025-12-09 07:00:00+00:00,2025-12-15 18:00:00+00:00,peak,131.93,85.52,168.86,60
2025-W50-offpeak,2025-12-09 00:00:00+00:00,2025-12-15 23:00:00+00:00,offpeak,76.62,41.73,106.65,108
2025-W51-base,2025-12-16 00:00:00+00:00,2025-12-22 23:00:00+00:00,base,71.83,32.82,104.32,168
2025-W51-peak,2025-12-16 07:00:00+00:00,2025-12-22 18:00:00+00:00,peak,94.51,48.1,131.44,60
2025-W51-offpeak,2025-12-16 00:00:00+00:00,2025-12-22 23:00:00+00:00,offpeak,59.22,24.33,89.25,108
2025-W52-base,2025-12-23 00:00:00+00:00,2025-12-29 23:00:00+00:00,base,58.01,19.01,90.51,168
2025-W52-peak,2025-12-23 07:00:00+00:00,2025-12-29 18:00:00+00:00,peak,68.63,22.21,105.55,60
2025-W52-offpeak,2025-12-23 00:00:00+00:00,2025-12-29 23:00:00+00:00,offpeak,52.12,17.23,82.15,108
2026-W01-base,2025-12-30 00:00:00+00:00,2025-12-31 23:00:00+00:00,base,76.25,37.25,108.75,48
2026-W01-peak,2025-12-30 07:00:00+00:00,2025-12-31 18:00:00+00:00,peak,82.88,36.47,119.81,24
2026-W01-offpeak,2025-12-30 00:00:00+00:00,2025-12-31 23:00:00+00:00,offpeak,69.63,38.03,97.69,24
2025-10-base,2025-10-01 00:00:00+00:00,2025-10-31 23:00:00+00:00,base,93.07,54.06,125.56,744
2025-10-peak,2025-10-01 06:00:00+00:00,2025-10-31 18:00:00+00:00,peak,111.47,65.06,148.4,276
2025-10-offpeak,2025-10-01 00:00:00+00:00,2025-10-31 23:00:00+00:00,offpeak,82.22,47.58,112.1,468
2025-11-base,2025-11-01 00:00:00+00:00,2025-11-30 23:00:00+00:00,base,101.6,62.59,134.09,720
2025-11-peak,2025-11-03 07:00:00+00:00,2025-11-28 18:00:00+00:00,peak,132.99,86.57,169.91,240
2025-11-offpeak,2025-11-01 00:00:00+00:00,2025-11-30 23:00:00+00:00,offpeak,85.9,50.6,116.18,480
2025-12-base,2025-12-01 00:00:00+00:00,2025-12-31 23:00:00+00:00,base,87.83,48.83,120.33,744
2025-12-peak,2025-12-01 07:00:00+00:00,2025-12-31 18:00:00+00:00,peak,114.34,67.93,151.27,276
2025-12-offpeak,2025-12-01 00:00:00+00:00,2025-12-31 23:00:00+00:00,offpeak,72.2,37.57,102.08,468
