id,y_pred,y_pred_p10,y_pred_p90
2025-10-01T00:00:00Z,79.19,50.59,104.02
2025-10-01T01:00:00Z,79.06,51.54,103.42
2025-10-01T02:00:00Z,84.0,55.75,107.99
2025-10-01T03:00:00Z,98.44,73.72,124.66
2025-10-01T04:00:00Z,126.57,95.9,159.31
2025-10-01T05:00:00Z,184.34,138.49,221.38
2025-10-01T06:00:00Z,173.3,128.35,209.42
2025-10-01T07:00:00Z,122.84,79.91,156.76
2025-10-01T08:00:00Z,93.74,51.06,128.93
2025-10-01T09:00:00Z,77.23,31.44,114.13
2025-10-01T10:00:00Z,66.63,23.64,102.87
2025-10-01T11:00:00Z,68.99,21.25,106.94
2025-10-01T12:00:00Z,70.53,26.21,107.74
2025-10-01T13:00:00Z,87.19,48.08,123.91
2025-10-01T14:00:00Z,95.43,48.0,130.13
2025-10-01T15:00:00Z,134.32,82.25,167.97
2025-10-01T16:00:00Z,239.47,185.65,279.54
2025-10-01T17:00:00Z,387.3,334.19,431.77
2025-10-01T18:00:00Z,155.27,106.13,194.8
2025-10-01T19:00:00Z,120.76,82.46,148.72
2025-10-01T20:00:00Z,94.23,64.06,118.16
2025-10-01T21:00:00Z,83.56,59.31,107.3
2025-10-01T22:00:00Z,89.14,62.18,115.55
2025-10-01T23:00:00Z,82.29,57.57,108.27
2025-10-02T00:00:00Z,75.9,47.3,100.74
2025-10-02T01:00:00Z,76.13,48.61,100.49
2025-10-02T02:00:00Z,75.25,46.99,99.23
2025-10-02T03:00:00Z,88.31,63.58,114.52
2025-10-02T04:00:00Z,120.65,89.98,153.39
2025-10-02T05:00:00Z,160.31,114.46,197.34
2025-10-02T06:00:00Z,156.3,111.34,192.41
2025-10-02T07:00:00Z,115.48,72.55,149.4
2025-10-02T08:00:00Z,81.34,38.66,116.53
2025-10-02T09:00:00Z,64.52,18.72,101.42
2025-10-02T10:00:00Z,54.76,11.77,91.0
2025-10-02T11:00:00Z,57.32,9.57,95.27
2025-10-02T12:00:00Z,60.62,16.3,97.83
2025-10-02T13:00:00Z,70.47,31.36,107.19
2025-10-02T14:00:00Z,83.71,36.27,118.41
2025-10-02T15:00:00Z,126.56,74.49,160.21
2025-10-02T16:00:00Z,214.57,160.75,254.64
2025-10-02T17:00:00Z,315.09,261.98,359.56
2025-10-02T18:00:00Z,152.97,103.82,192.49
2025-10-02T19:00:00Z,115.65,77.36,143.62
2025-10-02T20:00:00Z,96.65,66.49,120.58
2025-10-02T21:00:00Z,83.48,59.23,107.22
2025-10-02T22:00:00Z,76.72,49.75,103.12
2025-10-02T23:00:00Z,70.65,45.94,96.63
2025-10-03T00:00:00Z,69.66,41.05,94.49
2025-10-03T01:00:00Z,64.88,37.37,89.25
2025-10-03T02:00:00Z,70.23,41.98,94.22
2025-10-03T03:00:00Z,81.0,56.27,107.22
2025-10-03T04:00:00Z,103.67,73.0,136.41
2025-10-03T05:00:00Z,158.49,112.64,195.53
2025-10-03T06:00:00Z,131.43,86.47,167.54
2025-10-03T07:00:00Z,89.87,46.93,123.78
2025-10-03T08:00:00Z,58.22,15.54,93.41
2025-10-03T09:00:00Z,29.09,-16.71,65.99
2025-10-03T10:00:00Z,13.68,-29.3,49.92
2025-10-03T11:00:00Z,16.71,-31.04,54.66
2025-10-03T12:00:00Z,21.78,-22.55,58.98
2025-10-03T13:00:00Z,34.92,-4.2,71.64
2025-10-03T14:00:00Z,54.08,6.65,88.78
2025-10-03T15:00:00Z,93.37,41.3,127.02
2025-10-03T16:00:00Z,161.69,107.88,201.77
2025-10-03T17:00:00Z,176.2,123.09,220.67
2025-10-03T18:00:00Z,117.81,68.66,157.34
2025-10-03T19:00:00Z,75.26,36.97,103.23
2025-10-03T20:00:00Z,72.43,42.26,96.36
2025-10-03T21:00:00Z,60.28,36.03,84.02
2025-10-03T22:00:00Z,85.51,58.55,111.92
2025-10-03T23:00:00Z,76.31,51.6,102.29
2025-10-04T00:00:00Z,71.32,42.72,96.16
2025-10-04T01:00:00Z,68.81,41.29,93.17
2025-10-04T02:00:00Z,70.05,41.8,94.04
2025-10-04T03:00:00Z,70.95,46.22,97.16
2025-10-04T04:00:00Z,82.67,52.01,115.42
2025-10-04T05:00:00Z,85.51,39.66,122.55
2025-10-04T06:00:00Z,91.46,46.5,127.57
2025-10-04T07:00:00Z,71.54,28.61,105.45
2025-10-04T08:00:00Z,44.89,2.21,80.07
2025-10-04T09:00:00Z,28.79,-17.0,65.69
2025-10-04T10:00:00Z,9.94,-33.04,46.18
2025-10-04T11:00:00Z,2.7,-45.04,40.66
2025-10-04T12:00:00Z,3.43,-40.89,40.64
2025-10-04T13:00:00Z,30.51,-8.61,67.23
2025-10-04T14:00:00Z,49.13,1.69,83.83
2025-10-04T15:00:00Z,82.95,30.87,116.6
2025-10-04T16:00:00Z,114.33,60.51,154.41
2025-10-04T17:00:00Z,137.02,83.91,181.48
2025-10-04T18:00:00Z,102.62,53.48,142.15
2025-10-04T19:00:00Z,86.9,48.61,114.87
2025-10-04T20:00:00Z,69.16,39.0,93.09
2025-10-04T21:00:00Z,58.95,34.7,82.69
2025-10-04T22:00:00Z,49.75,22.79,76.16
2025-10-04T23:00:00Z,37.66,12.95,63.64
2025-10-05T00:00:00Z,32.29,3.69,57.13
2025-10-05T01:00:00Z,29.71,2.19,54.07
2025-10-05T02:00:00Z,29.29,1.03,53.27
2025-10-05T03:00:00Z,31.51,6.79,57.73
2025-10-05T04:00:00Z,47.32,16.65,80.06
2025-10-05T05:00:00Z,59.99,14.14,97.03
2025-10-05T06:00:00Z,42.45,-2.51,78.56
2025-10-05T07:00:00Z,39.32,-3.61,73.24
2025-10-05T08:00:00Z,25.8,-16.88,60.99
2025-10-05T09:00:00Z,17.05,-28.74,53.95
2025-10-05T10:00:00Z,7.64,-35.34,43.88
2025-10-05T11:00:00Z,1.81,-45.94,39.76
2025-10-05T12:00:00Z,-0.8,-45.13,36.4
2025-10-05T13:00:00Z,2.14,-36.97,38.86
2025-10-05T14:00:00Z,27.57,-19.86,62.27
2025-10-05T15:00:00Z,64.53,12.46,98.18
2025-10-05T16:00:00Z,80.17,26.35,120.24
2025-10-05T17:00:00Z,96.67,43.56,141.13
2025-10-05T18:00:00Z,89.05,39.9,128.58
2025-10-05T19:00:00Z,84.46,46.16,112.42
2025-10-05T20:00:00Z,70.49,40.33,94.42
2025-10-05T21:00:00Z,59.66,35.41,83.4
2025-10-05T22:00:00Z,55.74,28.77,82.14
2025-10-05T23:00:00Z,42.8,18.08,68.78
2025-10-06T00:00:00Z,34.65,6.05,59.49
2025-10-06T01:00:00Z,34.97,7.45,59.33
2025-10-06T02:00:00Z,40.4,12.14,64.38
2025-10-06T03:00:00Z,51.85,27.12,78.07
2025-10-06T04:00:00Z,92.63,61.96,125.37
2025-10-06T05:00:00Z,129.08,83.22,166.11
2025-10-06T06:00:00Z,118.2,73.24,154.31
2025-10-06T07:00:00Z,95.63,52.7,129.54
2025-10-06T08:00:00Z,66.96,24.28,102.15
2025-10-06T09:00:00Z,55.3,9.5,92.2
2025-10-06T10:00:00Z,48.19,5.2,84.43
2025-10-06T11:00:00Z,46.48,-1.26,84.44
2025-10-06T12:00:00Z,49.53,5.2,86.73
2025-10-06T13:00:00Z,56.82,17.7,93.54
2025-10-06T14:00:00Z,75.16,27.73,109.86
2025-10-06T15:00:00Z,121.2,69.13,154.85
2025-10-06T16:00:00Z,175.68,121.87,215.76
2025-10-06T17:00:00Z,191.85,138.74,236.32
2025-10-06T18:00:00Z,126.22,77.07,165.74
2025-10-06T19:00:00Z,97.48,59.18,125.44
2025-10-06T20:00:00Z,89.51,59.34,113.44
2025-10-06T21:00:00Z,78.21,53.97,101.95
2025-10-06T22:00:00Z,70.92,43.95,97.32
2025-10-06T23:00:00Z,63.22,38.5,89.2
2025-10-07T00:00:00Z,61.39,32.79,86.23
2025-10-07T01:00:00Z,59.23,31.71,83.59
2025-10-07T02:00:00Z,64.74,36.48,88.72
2025-10-07T03:00:00Z,83.08,58.35,109.29
2025-10-07T04:00:00Z,99.41,68.75,132.15
2025-10-07T05:00:00Z,138.26,92.41,175.3
2025-10-07T06:00:00Z,142.3,97.35,178.42
2025-10-07T07:00:00Z,108.11,65.18,142.03
2025-10-07T08:00:00Z,88.69,46.0,123.87
2025-10-07T09:00:00Z,77.4,31.61,114.3
2025-10-07T10:00:00Z,71.54,28.55,107.78
2025-10-07T11:00:00Z,60.97,13.23,98.92
2025-10-07T12:00:00Z,61.5,17.17,98.7
2025-10-07T13:00:00Z,68.42,29.31,105.14
2025-10-07T14:00:00Z,76.86,29.42,111.56
2025-10-07T15:00:00Z,94.64,42.57,128.29
2025-10-07T16:00:00Z,123.66,69.84,163.73
2025-10-07T17:00:00Z,134.52,81.41,178.99
2025-10-07T18:00:00Z,99.51,50.36,139.03
2025-10-07T19:00:00Z,87.06,48.77,115.03
2025-10-07T20:00:00Z,82.61,52.45,106.54
2025-10-07T21:00:00Z,71.97,47.72,95.71
2025-10-07T22:00:00Z,70.02,43.05,96.42
2025-10-07T23:00:00Z,63.89,39.17,89.87
2025-10-08T00:00:00Z,56.78,28.18,81.61
2025-10-08T01:00:00Z,54.24,26.72,78.61
2025-10-08T02:00:00Z,59.74,31.48,83.73
2025-10-08T03:00:00Z,65.36,40.63,91.57
2025-10-08T04:00:00Z,93.8,63.13,126.54
2025-10-08T05:00:00Z,129.73,83.88,166.77
2025-10-08T06:00:00Z,146.09,101.13,182.2
2025-10-08T07:00:00Z,141.91,98.98,175.83
2025-10-08T08:00:00Z,93.89,51.21,129.07
2025-10-08T09:00:00Z,80.0,34.2,116.9
2025-10-08T10:00:00Z,56.5,13.52,92.74
2025-10-08T11:00:00Z,49.22,1.48,87.17
2025-10-08T12:00:00Z,51.36,7.04,88.57
2025-10-08T13:00:00Z,69.77,30.65,106.49
2025-10-08T14:00:00Z,70.57,23.14,105.27
2025-10-08T15:00:00Z,107.47,55.4,141.12
2025-10-08T16:00:00Z,138.18,84.36,178.25
2025-10-08T17:00:00Z,150.76,97.65,195.23
2025-10-08T18:00:00Z,103.92,54.77,143.44
2025-10-08T19:00:00Z,90.71,52.42,118.68
2025-10-08T20:00:00Z,80.52,50.36,104.45
2025-10-08T21:00:00Z,67.78,43.53,91.52
2025-10-08T22:00:00Z,69.13,42.16,95.54
2025-10-08T23:00:00Z,59.57,34.85,85.55
2025-10-09T00:00:00Z,58.0,29.39,82.83
2025-10-09T01:00:00Z,59.98,32.46,84.34
2025-10-09T02:00:00Z,61.56,33.31,85.55
2025-10-09T03:00:00Z,75.2,50.48,101.42
2025-10-09T04:00:00Z,101.37,70.71,134.11
2025-10-09T05:00:00Z,110.21,64.36,147.25
2025-10-09T06:00:00Z,113.22,68.26,149.33
2025-10-09T07:00:00Z,109.63,66.7,143.55
2025-10-09T08:00:00Z,89.67,46.99,124.85
2025-10-09T09:00:00Z,76.99,31.2,113.89
2025-10-09T10:00:00Z,61.36,18.38,97.61
2025-10-09T11:00:00Z,60.25,12.51,98.2
2025-10-09T12:00:00Z,62.79,18.47,100.0
2025-10-09T13:00:00Z,75.16,36.04,111.88
2025-10-09T14:00:00Z,95.18,47.74,129.88
2025-10-09T15:00:00Z,121.62,69.54,155.27
2025-10-09T16:00:00Z,123.22,69.41,163.3
2025-10-09T17:00:00Z,141.84,88.73,186.31
2025-10-09T18:00:00Z,111.15,62.01,150.68
2025-10-09T19:00:00Z,98.88,60.59,126.85
2025-10-09T20:00:00Z,94.9,64.73,118.83
2025-10-09T21:00:00Z,83.58,59.33,107.32
2025-10-09T22:00:00Z,79.3,52.33,105.71
2025-10-09T23:00:00Z,73.67,48.95,99.65
2025-10-10T00:00:00Z,71.8,43.2,96.64
2025-10-10T01:00:00Z,69.44,41.93,93.81
2025-10-10T02:00:00Z,72.54,44.29,96.53
2025-10-10T03:00:00Z,81.41,56.68,107.63
2025-10-10T04:00:00Z,109.71,79.04,142.45
2025-10-10T05:00:00Z,117.51,71.66,154.55
2025-10-10T06:00:00Z,126.15,81.19,162.26
2025-10-10T07:00:00Z,119.17,76.24,153.09
2025-10-10T08:00:00Z,92.82,50.14,128.01
2025-10-10T09:00:00Z,81.32,35.52,118.22
2025-10-10T10:00:00Z,63.96,20.97,100.2
2025-10-10T11:00:00Z,61.62,13.88,99.57
2025-10-10T12:00:00Z,59.9,15.58,97.11
2025-10-10T13:00:00Z,68.21,29.09,104.93
2025-10-10T14:00:00Z,80.11,32.68,114.82
2025-10-10T15:00:00Z,107.55,55.48,141.2
2025-10-10T16:00:00Z,120.67,66.85,160.74
2025-10-10T17:00:00Z,127.57,74.46,172.04
2025-10-10T18:00:00Z,108.56,59.42,148.09
2025-10-10T19:00:00Z,90.73,52.44,118.7
2025-10-10T20:00:00Z,89.03,58.86,112.96
2025-10-10T21:00:00Z,79.6,55.35,103.34
2025-10-10T22:00:00Z,73.79,46.83,100.2
2025-10-10T23:00:00Z,68.63,43.92,94.61
2025-10-11T00:00:00Z,61.74,33.14,86.58
2025-10-11T01:00:00Z,54.67,27.15,79.03
2025-10-11T02:00:00Z,53.57,25.31,77.55
2025-10-11T03:00:00Z,61.22,36.49,87.43
2025-10-11T04:00:00Z,65.93,35.26,98.67
2025-10-11T05:00:00Z,83.87,38.02,120.91
2025-10-11T06:00:00Z,89.67,44.71,125.78
2025-10-11T07:00:00Z,78.62,35.69,112.54
2025-10-11T08:00:00Z,70.92,28.24,106.11
2025-10-11T09:00:00Z,58.63,12.84,95.53
2025-10-11T10:00:00Z,47.6,4.62,83.84
2025-10-11T11:00:00Z,45.62,-2.12,83.57
2025-10-11T12:00:00Z,43.77,-0.56,80.97
2025-10-11T13:00:00Z,60.7,21.58,97.42
2025-10-11T14:00:00Z,67.92,20.49,102.63
2025-10-11T15:00:00Z,95.13,43.06,128.78
2025-10-11T16:00:00Z,111.08,57.27,151.16
2025-10-11T17:00:00Z,119.17,66.06,163.64
2025-10-11T18:00:00Z,105.01,55.86,144.53
2025-10-11T19:00:00Z,94.41,56.12,122.38
2025-10-11T20:00:00Z,87.0,56.83,110.92
2025-10-11T21:00:00Z,85.69,61.45,109.43
2025-10-11T22:00:00Z,89.43,62.46,115.83
2025-10-11T23:00:00Z,85.81,61.1,111.79
2025-10-12T00:00:00Z,80.7,52.09,105.53
2025-10-12T01:00:00Z,76.35,48.83,100.71
2025-10-12T02:00:00Z,76.28,48.02,100.26
2025-10-12T03:00:00Z,80.85,56.13,107.07
2025-10-12T04:00:00Z,80.38,49.71,113.12
2025-10-12T05:00:00Z,80.5,34.64,117.53
2025-10-12T06:00:00Z,83.95,38.99,120.06
2025-10-12T07:00:00Z,75.52,32.59,109.43
2025-10-12T08:00:00Z,57.9,15.22,93.08
2025-10-12T09:00:00Z,44.08,-1.71,80.98
2025-10-12T10:00:00Z,29.79,-13.2,66.03
2025-10-12T11:00:00Z,23.37,-24.38,61.32
2025-10-12T12:00:00Z,24.14,-20.19,61.34
2025-10-12T13:00:00Z,44.45,5.33,81.17
2025-10-12T14:00:00Z,58.73,11.3,93.44
2025-10-12T15:00:00Z,89.47,37.4,123.12
2025-10-12T16:00:00Z,117.97,64.15,158.04
2025-10-12T17:00:00Z,121.92,68.81,166.39
2025-10-12T18:00:00Z,108.76,59.61,148.28
2025-10-12T19:00:00Z,98.85,60.56,126.82
2025-10-12T20:00:00Z,91.29,61.12,115.22
2025-10-12T21:00:00Z,84.48,60.23,108.21
2025-10-12T22:00:00Z,90.4,63.43,116.8
2025-10-12T23:00:00Z,89.82,65.1,115.8
2025-10-13T00:00:00Z,80.75,52.14,105.58
2025-10-13T01:00:00Z,81.27,53.75,105.63
2025-10-13T02:00:00Z,79.32,51.07,103.31
2025-10-13T03:00:00Z,85.06,60.33,111.27
2025-10-13T04:00:00Z,108.04,77.38,140.78
2025-10-13T05:00:00Z,138.63,92.78,175.67
2025-10-13T06:00:00Z,127.88,82.92,163.99
2025-10-13T07:00:00Z,119.81,76.88,153.73
2025-10-13T08:00:00Z,97.07,54.39,132.25
2025-10-13T09:00:00Z,90.16,44.37,127.06
2025-10-13T10:00:00Z,83.1,40.12,119.34
2025-10-13T11:00:00Z,76.95,29.21,114.9
2025-10-13T12:00:00Z,81.82,37.5,119.03
2025-10-13T13:00:00Z,93.04,53.92,129.76
2025-10-13T14:00:00Z,101.47,54.04,136.18
2025-10-13T15:00:00Z,130.42,78.35,164.07
2025-10-13T16:00:00Z,150.55,96.73,190.62
2025-10-13T17:00:00Z,154.85,101.74,199.32
2025-10-13T18:00:00Z,136.25,87.11,175.78
2025-10-13T19:00:00Z,121.5,83.21,149.47
2025-10-13T20:00:00Z,107.63,77.47,131.56
2025-10-13T21:00:00Z,97.13,72.88,120.87
2025-10-13T22:00:00Z,96.92,69.95,123.32
2025-10-13T23:00:00Z,92.95,68.24,118.93
2025-10-14T00:00:00Z,93.39,64.79,118.23
2025-10-14T01:00:00Z,96.14,68.62,120.5
2025-10-14T02:00:00Z,101.63,73.37,125.62
2025-10-14T03:00:00Z,103.91,79.18,130.12
2025-10-14T04:00:00Z,137.6,106.93,170.34
2025-10-14T05:00:00Z,204.79,158.94,241.83
2025-10-14T06:00:00Z,194.75,149.79,230.86
2025-10-14T07:00:00Z,141.31,98.38,175.22
2025-10-14T08:00:00Z,131.35,88.67,166.53
2025-10-14T09:00:00Z,112.56,66.77,149.46
2025-10-14T10:00:00Z,88.28,45.29,124.52
2025-10-14T11:00:00Z,73.53,25.78,111.48
2025-10-14T12:00:00Z,80.06,35.74,117.27
2025-10-14T13:00:00Z,94.59,55.47,131.31
2025-10-14T14:00:00Z,111.69,64.26,146.4
2025-10-14T15:00:00Z,170.77,118.7,204.43
2025-10-14T16:00:00Z,304.13,250.32,344.21
2025-10-14T17:00:00Z,307.99,254.88,352.45
2025-10-14T18:00:00Z,169.89,120.74,209.42
2025-10-14T19:00:00Z,130.87,92.57,158.84
2025-10-14T20:00:00Z,113.31,83.14,137.24
2025-10-14T21:00:00Z,99.0,74.75,122.74
2025-10-14T22:00:00Z,94.33,67.36,120.73
2025-10-14T23:00:00Z,89.89,65.17,115.87
2025-10-15T00:00:00Z,85.9,57.3,110.74
2025-10-15T01:00:00Z,83.16,55.64,107.52
2025-10-15T02:00:00Z,84.96,56.71,108.95
2025-10-15T03:00:00Z,85.24,60.51,111.46
2025-10-15T04:00:00Z,107.04,76.37,139.78
2025-10-15T05:00:00Z,179.04,133.19,216.08
2025-10-15T06:00:00Z,215.98,171.02,252.09
2025-10-15T07:00:00Z,169.75,126.82,203.67
2025-10-15T08:00:00Z,117.45,74.77,152.64
2025-10-15T09:00:00Z,89.71,43.92,126.61
2025-10-15T10:00:00Z,76.48,33.5,112.73
2025-10-15T11:00:00Z,73.86,26.12,111.81
2025-10-15T12:00:00Z,71.73,27.41,108.94
2025-10-15T13:00:00Z,95.82,56.7,132.53
2025-10-15T14:00:00Z,114.97,67.54,149.67
2025-10-15T15:00:00Z,198.07,145.99,231.72
2025-10-15T16:00:00Z,351.21,297.39,391.28
2025-10-15T17:00:00Z,373.25,320.14,417.72
2025-10-15T18:00:00Z,203.29,154.14,242.82
2025-10-15T19:00:00Z,136.08,97.78,164.04
2025-10-15T20:00:00Z,118.51,88.34,142.43
2025-10-15T21:00:00Z,102.34,78.09,126.08
2025-10-15T22:00:00Z,108.9,81.93,135.3
2025-10-15T23:00:00Z,103.44,78.72,129.42
2025-10-16T00:00:00Z,99.34,70.74,124.17
2025-10-16T01:00:00Z,93.7,66.18,118.06
2025-10-16T02:00:00Z,93.78,65.52,117.76
2025-10-16T03:00:00Z,99.22,74.49,125.44
2025-10-16T04:00:00Z,132.48,101.82,165.22
2025-10-16T05:00:00Z,236.92,191.07,273.96
2025-10-16T06:00:00Z,255.92,210.96,292.03
2025-10-16T07:00:00Z,173.73,130.8,207.65
2025-10-16T08:00:00Z,136.38,93.7,171.56
2025-10-16T09:00:00Z,126.86,81.07,163.76
2025-10-16T10:00:00Z,94.97,51.99,131.22
2025-10-16T11:00:00Z,83.15,35.4,121.1
2025-10-16T12:00:00Z,92.06,47.74,129.26
2025-10-16T13:00:00Z,95.69,56.57,132.41
2025-10-16T14:00:00Z,114.85,67.41,149.55
2025-10-16T15:00:00Z,141.4,89.33,175.05
2025-10-16T16:00:00Z,203.85,150.03,243.92
2025-10-16T17:00:00Z,177.78,124.67,222.25
2025-10-16T18:00:00Z,131.44,82.3,170.97
2025-10-16T19:00:00Z,107.53,69.23,135.5
2025-10-16T20:00:00Z,89.5,59.34,113.43
2025-10-16T21:00:00Z,78.97,54.72,102.71
2025-10-16T22:00:00Z,80.6,53.64,107.01
2025-10-16T23:00:00Z,76.32,51.61,102.3
2025-10-17T00:00:00Z,73.21,44.61,98.04
2025-10-17T01:00:00Z,72.52,45.0,96.88
2025-10-17T02:00:00Z,72.04,43.78,96.02
2025-10-17T03:00:00Z,76.25,51.52,102.46
2025-10-17T04:00:00Z,94.76,64.1,127.51
2025-10-17T05:00:00Z,115.63,69.78,152.67
2025-10-17T06:00:00Z,139.23,94.27,175.34
2025-10-17T07:00:00Z,124.95,82.02,158.86
2025-10-17T08:00:00Z,97.93,55.25,133.11
2025-10-17T09:00:00Z,88.81,43.02,125.71
2025-10-17T10:00:00Z,83.55,40.57,119.79
2025-10-17T11:00:00Z,73.62,25.87,111.57
2025-10-17T12:00:00Z,72.52,28.2,109.72
2025-10-17T13:00:00Z,79.01,39.89,115.73
2025-10-17T14:00:00Z,90.63,43.2,125.33
2025-10-17T15:00:00Z,116.8,64.73,150.45
2025-10-17T16:00:00Z,134.3,80.48,174.37
2025-10-17T17:00:00Z,132.89,79.78,177.35
2025-10-17T18:00:00Z,127.33,78.18,166.86
2025-10-17T19:00:00Z,98.48,60.18,126.45
2025-10-17T20:00:00Z,97.1,66.93,121.02
2025-10-17T21:00:00Z,90.5,66.25,114.24
2025-10-17T22:00:00Z,80.87,53.9,107.27
2025-10-17T23:00:00Z,76.88,52.17,102.86
2025-10-18T00:00:00Z,76.03,47.43,100.87
2025-10-18T01:00:00Z,73.61,46.09,97.97
2025-10-18T02:00:00Z,73.47,45.21,97.46
2025-10-18T03:00:00Z,77.19,52.46,103.41
2025-10-18T04:00:00Z,79.28,48.61,112.02
2025-10-18T05:00:00Z,86.57,40.71,123.6
2025-10-18T06:00:00Z,94.31,49.36,130.43
2025-10-18T07:00:00Z,88.6,45.66,122.51
2025-10-18T08:00:00Z,79.91,37.22,115.09
2025-10-18T09:00:00Z,62.77,16.97,99.67
2025-10-18T10:00:00Z,47.27,4.29,83.52
2025-10-18T11:00:00Z,47.77,0.03,85.72
2025-10-18T12:00:00Z,47.94,3.62,85.15
2025-10-18T13:00:00Z,59.07,19.96,95.79
2025-10-18T14:00:00Z,69.75,22.32,104.46
2025-10-18T15:00:00Z,97.02,44.94,130.67
2025-10-18T16:00:00Z,115.1,61.28,155.18
2025-10-18T17:00:00Z,126.57,73.46,171.04
2025-10-18T18:00:00Z,106.22,57.07,145.74
2025-10-18T19:00:00Z,96.9,58.6,124.86
2025-10-18T20:00:00Z,90.56,60.4,114.49
2025-10-18T21:00:00Z,81.54,57.29,105.28
2025-10-18T22:00:00Z,80.44,53.47,106.85
2025-10-18T23:00:00Z,76.64,51.92,102.62
2025-10-19T00:00:00Z,70.15,41.55,94.99
2025-10-19T01:00:00Z,67.63,40.11,91.99
2025-10-19T02:00:00Z,66.14,37.88,90.12
2025-10-19T03:00:00Z,65.34,40.61,91.56
2025-10-19T04:00:00Z,68.14,37.48,100.89
2025-10-19T05:00:00Z,80.16,34.3,117.19
2025-10-19T06:00:00Z,87.55,42.59,123.66
2025-10-19T07:00:00Z,80.72,37.79,114.63
2025-10-19T08:00:00Z,69.81,27.13,104.99
2025-10-19T09:00:00Z,59.09,13.29,95.99
2025-10-19T10:00:00Z,43.56,0.58,79.8
2025-10-19T11:00:00Z,32.43,-15.31,70.38
2025-10-19T12:00:00Z,43.88,-0.44,81.09
2025-10-19T13:00:00Z,65.67,26.55,102.39
2025-10-19T14:00:00Z,81.94,34.5,116.64
2025-10-19T15:00:00Z,101.83,49.76,135.49
2025-10-19T16:00:00Z,115.43,61.61,155.5
2025-10-19T17:00:00Z,113.18,60.07,157.64
2025-10-19T18:00:00Z,102.73,53.59,142.26
2025-10-19T19:00:00Z,88.88,50.58,116.84
2025-10-19T20:00:00Z,90.18,60.02,114.11
2025-10-19T21:00:00Z,88.8,64.55,112.54
2025-10-19T22:00:00Z,87.21,60.24,113.62
2025-10-19T23:00:00Z,80.96,56.25,106.94
2025-10-20T00:00:00Z,75.27,46.67,100.11
2025-10-20T01:00:00Z,68.99,41.47,93.35
2025-10-20T02:00:00Z,68.33,40.08,92.32
2025-10-20T03:00:00Z,74.17,49.44,100.38
2025-10-20T04:00:00Z,110.74,80.08,143.49
2025-10-20T05:00:00Z,134.26,88.4,171.29
2025-10-20T06:00:00Z,131.14,86.18,167.25
2025-10-20T07:00:00Z,110.14,67.21,144.06
2025-10-20T08:00:00Z,103.95,61.27,139.13
2025-10-20T09:00:00Z,78.18,32.39,115.08
2025-10-20T10:00:00Z,67.57,24.59,103.81
2025-10-20T11:00:00Z,62.78,15.04,100.73
2025-10-20T12:00:00Z,70.14,25.81,107.34
2025-10-20T13:00:00Z,78.39,39.27,115.11
2025-10-20T14:00:00Z,99.35,51.92,134.05
2025-10-20T15:00:00Z,130.91,78.83,164.56
2025-10-20T16:00:00Z,146.98,93.16,187.05
2025-10-20T17:00:00Z,141.27,88.16,185.74
2025-10-20T18:00:00Z,113.06,63.91,152.59
2025-10-20T19:00:00Z,106.39,68.1,134.36
2025-10-20T20:00:00Z,99.87,69.71,123.8
2025-10-20T21:00:00Z,92.12,67.88,115.86
2025-10-20T22:00:00Z,90.1,63.14,116.51
2025-10-20T23:00:00Z,79.03,54.31,105.01
2025-10-21T00:00:00Z,76.5,47.9,101.34
2025-10-21T01:00:00Z,73.44,45.92,97.8
2025-10-21T02:00:00Z,77.75,49.49,101.73
2025-10-21T03:00:00Z,84.98,60.25,111.19
2025-10-21T04:00:00Z,103.12,72.45,135.86
2025-10-21T05:00:00Z,149.4,103.54,186.43
2025-10-21T06:00:00Z,171.13,126.18,207.25
2025-10-21T07:00:00Z,143.31,100.38,177.23
2025-10-21T08:00:00Z,107.79,65.11,142.97
2025-10-21T09:00:00Z,98.98,53.19,135.88
2025-10-21T10:00:00Z,87.74,44.76,123.98
2025-10-21T11:00:00Z,86.46,38.72,124.41
2025-10-21T12:00:00Z,91.81,47.49,129.02
2025-10-21T13:00:00Z,118.01,78.89,154.73
2025-10-21T14:00:00Z,139.95,92.51,174.65
2025-10-21T15:00:00Z,173.13,121.06,206.78
2025-10-21T16:00:00Z,207.53,153.72,247.61
2025-10-21T17:00:00Z,178.13,125.02,222.6
2025-10-21T18:00:00Z,131.76,82.61,171.28
2025-10-21T19:00:00Z,117.18,78.89,145.15
2025-10-21T20:00:00Z,109.59,79.43,133.52
2025-10-21T21:00:00Z,83.31,59.07,107.05
2025-10-21T22:00:00Z,90.02,63.05,116.43
2025-10-21T23:00:00Z,73.46,48.75,99.44
2025-10-22T00:00:00Z,65.1,36.5,89.94
2025-10-22T01:00:00Z,57.54,30.02,81.9
2025-10-22T02:00:00Z,60.67,32.41,84.65
2025-10-22T03:00:00Z,79.02,54.29,105.23
2025-10-22T04:00:00Z,109.68,79.01,142.42
2025-10-22T05:00:00Z,140.39,94.54,177.43
2025-10-22T06:00:00Z,149.21,104.25,185.32
2025-10-22T07:00:00Z,120.1,77.17,154.01
2025-10-22T08:00:00Z,109.71,67.03,144.89
2025-10-22T09:00:00Z,93.76,47.97,130.66
2025-10-22T10:00:00Z,72.88,29.89,109.12
2025-10-22T11:00:00Z,64.28,16.54,102.23
2025-10-22T12:00:00Z,75.04,30.72,112.25
2025-10-22T13:00:00Z,88.79,49.67,125.5
2025-10-22T14:00:00Z,114.2,66.77,148.9
2025-10-22T15:00:00Z,136.56,84.49,170.21
2025-10-22T16:00:00Z,169.49,115.67,209.56
2025-10-22T17:00:00Z,162.34,109.24,206.81
2025-10-22T18:00:00Z,125.72,76.57,165.24
2025-10-22T19:00:00Z,100.63,62.34,128.6
2025-10-22T20:00:00Z,93.51,63.34,117.43
2025-10-22T21:00:00Z,87.13,62.88,110.87
2025-10-22T22:00:00Z,97.22,70.26,123.63
2025-10-22T23:00:00Z,94.26,69.55,120.24
2025-10-23T00:00:00Z,93.0,64.4,117.84
2025-10-23T01:00:00Z,93.18,65.66,117.54
2025-10-23T02:00:00Z,93.71,65.45,117.69
2025-10-23T03:00:00Z,98.22,73.49,124.44
2025-10-23T04:00:00Z,112.5,81.84,145.25
2025-10-23T05:00:00Z,124.02,78.17,161.06
2025-10-23T06:00:00Z,140.84,95.88,176.95
2025-10-23T07:00:00Z,139.49,96.56,173.41
2025-10-23T08:00:00Z,105.94,63.26,141.12
2025-10-23T09:00:00Z,94.86,49.07,131.76
2025-10-23T10:00:00Z,88.38,45.39,124.62
2025-10-23T11:00:00Z,82.74,35.0,120.69
2025-10-23T12:00:00Z,87.7,43.37,124.9
2025-10-23T13:00:00Z,102.44,63.32,139.16
2025-10-23T14:00:00Z,136.53,89.09,171.23
2025-10-23T15:00:00Z,180.03,127.96,213.68
2025-10-23T16:00:00Z,266.12,212.3,306.2
2025-10-23T17:00:00Z,237.8,184.69,282.27
2025-10-23T18:00:00Z,158.88,109.73,198.4
2025-10-23T19:00:00Z,110.22,71.93,138.19
2025-10-23T20:00:00Z,101.42,71.26,125.35
2025-10-23T21:00:00Z,91.15,66.91,114.89
2025-10-23T22:00:00Z,81.28,54.31,107.68
2025-10-23T23:00:00Z,80.16,55.44,106.14
2025-10-24T00:00:00Z,77.15,48.55,101.99
2025-10-24T01:00:00Z,70.27,42.75,94.63
2025-10-24T02:00:00Z,67.36,39.11,91.35
2025-10-24T03:00:00Z,67.2,42.47,93.42
2025-10-24T04:00:00Z,79.3,48.63,112.04
2025-10-24T05:00:00Z,104.15,58.3,141.19
2025-10-24T06:00:00Z,113.12,68.16,149.23
2025-10-24T07:00:00Z,105.57,62.64,139.49
2025-10-24T08:00:00Z,82.31,39.62,117.49
2025-10-24T09:00:00Z,73.79,28.0,110.7
2025-10-24T10:00:00Z,67.38,24.4,103.62
2025-10-24T11:00:00Z,67.74,20.0,105.69
2025-10-24T12:00:00Z,68.16,23.84,105.37
2025-10-24T13:00:00Z,82.64,43.53,119.36
2025-10-24T14:00:00Z,105.33,57.9,140.03
2025-10-24T15:00:00Z,130.87,78.8,164.52
2025-10-24T16:00:00Z,139.82,86.0,179.89
2025-10-24T17:00:00Z,153.6,100.49,198.06
2025-10-24T18:00:00Z,135.87,86.72,175.4
2025-10-24T19:00:00Z,102.52,64.23,130.49
2025-10-24T20:00:00Z,95.49,65.33,119.42
2025-10-24T21:00:00Z,77.87,53.62,101.6
2025-10-24T22:00:00Z,61.21,34.25,87.62
2025-10-24T23:00:00Z,63.54,38.82,89.52
2025-10-25T00:00:00Z,61.87,33.27,86.71
2025-10-25T01:00:00Z,59.72,32.21,84.09
2025-10-25T02:00:00Z,56.67,28.42,80.66
2025-10-25T03:00:00Z,64.31,39.58,90.53
2025-10-25T04:00:00Z,62.08,31.41,94.82
2025-10-25T05:00:00Z,84.78,38.92,121.81
2025-10-25T06:00:00Z,85.38,40.42,121.49
2025-10-25T07:00:00Z,85.5,42.57,119.42
2025-10-25T08:00:00Z,74.71,32.03,109.89
2025-10-25T09:00:00Z,65.53,19.73,102.43
2025-10-25T10:00:00Z,52.56,9.58,88.8
2025-10-25T11:00:00Z,33.75,-13.99,71.7
2025-10-25T12:00:00Z,42.59,-1.73,79.8
2025-10-25T13:00:00Z,66.99,27.88,103.71
2025-10-25T14:00:00Z,73.13,25.7,107.83
2025-10-25T15:00:00Z,110.33,58.26,143.98
2025-10-25T16:00:00Z,155.73,101.91,195.81
2025-10-25T17:00:00Z,152.21,99.1,196.67
2025-10-25T18:00:00Z,117.69,68.55,157.22
2025-10-25T19:00:00Z,89.99,51.7,117.96
2025-10-25T20:00:00Z,85.15,54.99,109.08
2025-10-25T21:00:00Z,79.12,54.88,102.86
2025-10-25T22:00:00Z,72.1,45.13,98.5
2025-10-25T23:00:00Z,68.23,43.52,94.21
2025-10-26T00:00:00Z,65.16,36.55,89.99
2025-10-26T01:00:00Z,55.17,26.57,80.01
2025-10-26T02:00:00Z,50.69,23.17,75.05
2025-10-26T03:00:00Z,54.41,26.16,78.4
2025-10-26T04:00:00Z,57.6,32.87,83.81
2025-10-26T05:00:00Z,54.33,23.67,87.08
2025-10-26T06:00:00Z,52.15,6.29,89.18
2025-10-26T07:00:00Z,49.14,4.18,85.25
2025-10-26T08:00:00Z,44.11,1.18,78.03
2025-10-26T09:00:00Z,35.08,-7.6,70.26
2025-10-26T10:00:00Z,36.06,-9.74,72.96
2025-10-26T11:00:00Z,31.12,-11.86,67.36
2025-10-26T12:00:00Z,32.26,-15.48,70.21
2025-10-26T13:00:00Z,39.33,-4.99,76.54
2025-10-26T14:00:00Z,54.97,15.85,91.69
2025-10-26T15:00:00Z,76.59,29.15,111.29
2025-10-26T16:00:00Z,84.98,32.91,118.63
2025-10-26T17:00:00Z,85.33,31.51,125.4
2025-10-26T18:00:00Z,76.32,23.21,120.79
2025-10-26T19:00:00Z,66.74,17.59,106.27
2025-10-26T20:00:00Z,62.48,24.18,90.44
2025-10-26T21:00:00Z,47.51,17.34,71.44
2025-10-26T22:00:00Z,48.14,23.89,71.87
2025-10-26T23:00:00Z,40.5,13.53,66.91
2025-10-27T00:00:00Z,41.96,17.24,67.94
2025-10-27T01:00:00Z,38.52,9.92,63.36
2025-10-27T02:00:00Z,45.87,18.36,70.24
2025-10-27T03:00:00Z,41.62,13.36,65.6
2025-10-27T04:00:00Z,67.21,42.48,93.42
2025-10-27T05:00:00Z,124.08,93.42,156.82
2025-10-27T06:00:00Z,125.95,80.1,162.99
2025-10-27T07:00:00Z,94.43,49.48,130.55
2025-10-27T08:00:00Z,60.8,17.87,94.72
2025-10-27T09:00:00Z,51.48,8.8,86.67
2025-10-27T10:00:00Z,49.88,4.09,86.78
2025-10-27T11:00:00Z,47.5,4.51,83.74
2025-10-27T12:00:00Z,50.64,2.9,88.59
2025-10-27T13:00:00Z,61.89,17.56,99.09
2025-10-27T14:00:00Z,87.16,48.04,123.88
2025-10-27T15:00:00Z,138.97,91.54,173.68
2025-10-27T16:00:00Z,143.74,91.67,177.39
2025-10-27T17:00:00Z,147.84,94.02,187.91
2025-10-27T18:00:00Z,135.31,82.2,179.77
2025-10-27T19:00:00Z,79.55,30.4,119.07
2025-10-27T20:00:00Z,63.5,25.2,91.46
2025-10-27T21:00:00Z,62.97,32.81,86.9
2025-10-27T22:00:00Z,54.42,30.17,78.16
2025-10-27T23:00:00Z,48.25,21.28,74.65
2025-10-28T00:00:00Z,47.93,23.21,73.91
2025-10-28T01:00:00Z,47.85,19.24,72.68
2025-10-28T02:00:00Z,43.34,15.82,67.7
2025-10-28T03:00:00Z,51.51,23.26,75.5
2025-10-28T04:00:00Z,61.25,36.53,87.47
2025-10-28T05:00:00Z,82.48,51.81,115.22
2025-10-28T06:00:00Z,123.92,78.07,160.96
2025-10-28T07:00:00Z,115.12,70.16,151.23
2025-10-28T08:00:00Z,107.31,64.38,141.23
2025-10-28T09:00:00Z,98.37,55.69,133.55
2025-10-28T10:00:00Z,88.42,42.63,125.32
2025-10-28T11:00:00Z,86.14,43.15,122.38
2025-10-28T12:00:00Z,84.3,36.55,122.25
2025-10-28T13:00:00Z,96.17,51.85,133.38
2025-10-28T14:00:00Z,98.25,59.13,134.96
2025-10-28T15:00:00Z,120.85,73.42,155.55
2025-10-28T16:00:00Z,140.45,88.37,174.1
2025-10-28T17:00:00Z,154.48,100.67,194.56
2025-10-28T18:00:00Z,133.83,80.72,178.3
2025-10-28T19:00:00Z,109.78,60.63,149.31
2025-10-28T20:00:00Z,90.46,52.17,118.43
2025-10-28T21:00:00Z,82.31,52.14,106.24
2025-10-28T22:00:00Z,71.9,47.66,95.64
2025-10-28T23:00:00Z,63.79,36.82,90.2
2025-10-29T00:00:00Z,60.34,35.63,86.32
2025-10-29T01:00:00Z,56.88,28.28,81.72
2025-10-29T02:00:00Z,61.95,34.43,86.31
2025-10-29T03:00:00Z,61.89,33.63,85.87
2025-10-29T04:00:00Z,73.63,48.9,99.84
2025-10-29T05:00:00Z,111.24,80.58,143.99
2025-10-29T06:00:00Z,130.65,84.79,167.68
2025-10-29T07:00:00Z,122.93,77.97,159.04
2025-10-29T08:00:00Z,105.46,62.52,139.37
2025-10-29T09:00:00Z,102.43,59.75,137.62
2025-10-29T10:00:00Z,101.33,55.54,138.24
2025-10-29T11:00:00Z,90.55,47.57,126.79
2025-10-29T12:00:00Z,91.03,43.29,128.98
2025-10-29T13:00:00Z,99.36,55.04,136.56
2025-10-29T14:00:00Z,107.71,68.6,144.43
2025-10-29T15:00:00Z,138.58,91.15,173.28
2025-10-29T16:00:00Z,160.73,108.66,194.38
2025-10-29T17:00:00Z,171.62,117.81,211.7
2025-10-29T18:00:00Z,147.12,94.01,191.59
2025-10-29T19:00:00Z,117.98,68.83,157.51
2025-10-29T20:00:00Z,99.38,61.08,127.34
2025-10-29T21:00:00Z,90.86,60.7,114.79
2025-10-29T22:00:00Z,84.89,60.64,108.63
2025-10-29T23:00:00Z,72.17,45.2,98.57
2025-10-30T00:00:00Z,69.37,44.65,95.35
2025-10-30T01:00:00Z,67.24,38.64,92.08
2025-10-30T02:00:00Z,64.41,36.89,88.77
2025-10-30T03:00:00Z,70.26,42.01,94.25
2025-10-30T04:00:00Z,79.81,55.08,106.02
2025-10-30T05:00:00Z,98.27,67.61,131.01
2025-10-30T06:00:00Z,113.77,67.91,150.8
2025-10-30T07:00:00Z,110.85,65.89,146.96
2025-10-30T08:00:00Z,96.15,53.22,130.07
2025-10-30T09:00:00Z,89.01,46.33,124.2
2025-10-30T10:00:00Z,87.56,41.76,124.46
2025-10-30T11:00:00Z,81.52,38.53,117.76
2025-10-30T12:00:00Z,84.26,36.51,122.21
2025-10-30T13:00:00Z,96.89,52.57,134.09
2025-10-30T14:00:00Z,114.12,75.01,150.84
2025-10-30T15:00:00Z,130.74,83.31,165.44
2025-10-30T16:00:00Z,139.9,87.83,173.55
2025-10-30T17:00:00Z,145.01,91.19,185.08
2025-10-30T18:00:00Z,125.57,72.46,170.04
2025-10-30T19:00:00Z,108.33,59.19,147.86
2025-10-30T20:00:00Z,101.19,62.9,129.16
2025-10-30T21:00:00Z,98.06,67.9,121.99
2025-10-30T22:00:00Z,91.62,67.37,115.36
2025-10-30T23:00:00Z,85.81,58.85,112.22
2025-10-31T00:00:00Z,84.88,60.16,110.86
2025-10-31T01:00:00Z,80.59,51.99,105.43
2025-10-31T02:00:00Z,76.58,49.06,100.94
2025-10-31T03:00:00Z,73.58,45.33,97.57
2025-10-31T04:00:00Z,76.26,51.53,102.47
2025-10-31T05:00:00Z,101.33,70.66,134.07
2025-10-31T06:00:00Z,109.7,63.85,146.73
2025-10-31T07:00:00Z,113.44,68.48,149.55
2025-10-31T08:00:00Z,91.48,48.55,125.4
2025-10-31T09:00:00Z,79.35,36.67,114.53
2025-10-31T10:00:00Z,59.86,14.07,96.77
2025-10-31T11:00:00Z,46.14,3.16,82.39
2025-10-31T12:00:00Z,47.38,-0.36,85.33
2025-10-31T13:00:00Z,59.48,15.16,96.69
2025-10-31T14:00:00Z,88.16,49.04,124.88
2025-10-31T15:00:00Z,112.27,64.84,146.98
2025-10-31T16:00:00Z,128.78,76.71,162.43
2025-10-31T17:00:00Z,137.76,83.94,177.83
2025-10-31T18:00:00Z,132.92,79.81,177.39
2025-10-31T19:00:00Z,109.96,60.82,149.49
2025-10-31T20:00:00Z,106.81,68.52,134.78
2025-10-31T21:00:00Z,102.33,72.16,126.26
2025-10-31T22:00:00Z,99.91,75.67,123.65
2025-10-31T23:00:00Z,91.67,64.7,118.08
2025-11-01T00:00:00Z,78.05,53.33,104.03
2025-11-01T01:00:00Z,76.02,47.42,100.86
2025-11-01T02:00:00Z,81.17,53.65,105.53
2025-11-01T03:00:00Z,82.93,54.67,106.91
2025-11-01T04:00:00Z,96.19,71.46,122.4
2025-11-01T05:00:00Z,115.08,84.42,147.82
2025-11-01T06:00:00Z,111.66,65.81,148.7
2025-11-01T07:00:00Z,103.81,58.85,139.92
2025-11-01T08:00:00Z,85.22,42.29,119.14
2025-11-01T09:00:00Z,65.84,23.16,101.02
2025-11-01T10:00:00Z,58.58,12.79,95.48
2025-11-01T11:00:00Z,60.42,17.43,96.66
2025-11-01T12:00:00Z,72.15,24.41,110.1
2025-11-01T13:00:00Z,99.49,55.16,136.69
2025-11-01T14:00:00Z,113.53,74.41,150.24
2025-11-01T15:00:00Z,115.12,67.69,149.82
2025-11-01T16:00:00Z,114.96,62.89,148.61
2025-11-01T17:00:00Z,113.64,59.82,153.71
2025-11-01T18:00:00Z,103.44,50.33,147.91
2025-11-01T19:00:00Z,91.36,42.21,130.89
2025-11-01T20:00:00Z,87.79,49.5,115.76
2025-11-01T21:00:00Z,90.18,60.02,114.11
2025-11-01T22:00:00Z,75.64,51.39,99.38
2025-11-01T23:00:00Z,63.68,36.71,90.09
2025-11-02T00:00:00Z,47.36,22.64,73.34
2025-11-02T01:00:00Z,37.23,8.63,62.07
2025-11-02T02:00:00Z,35.98,8.46,60.34
2025-11-02T03:00:00Z,34.41,6.15,58.4
2025-11-02T04:00:00Z,42.38,17.65,68.6
2025-11-02T05:00:00Z,43.34,12.67,76.08
2025-11-02T06:00:00Z,46.92,1.07,83.96
2025-11-02T07:00:00Z,48.59,3.63,84.7
2025-11-02T08:00:00Z,33.3,-9.63,67.22
2025-11-02T09:00:00Z,27.82,-14.86,63.0
2025-11-02T10:00:00Z,25.45,-20.35,62.35
2025-11-02T11:00:00Z,26.25,-16.73,62.49
2025-11-02T12:00:00Z,28.5,-19.25,66.45
2025-11-02T13:00:00Z,51.45,7.13,88.66
2025-11-02T14:00:00Z,55.94,16.82,92.66
2025-11-02T15:00:00Z,77.89,30.46,112.59
2025-11-02T16:00:00Z,81.83,29.76,115.49
2025-11-02T17:00:00Z,86.25,32.44,126.33
2025-11-02T18:00:00Z,89.78,36.67,134.25
2025-11-02T19:00:00Z,85.62,36.47,125.15
2025-11-02T20:00:00Z,83.08,44.79,111.05
2025-11-02T21:00:00Z,85.88,55.72,109.81
2025-11-02T22:00:00Z,76.4,52.15,100.14
2025-11-02T23:00:00Z,71.19,44.22,97.6
2025-11-03T00:00:00Z,61.99,37.28,87.97
2025-11-03T01:00:00Z,58.86,30.25,83.69
2025-11-03T02:00:00Z,59.88,32.36,84.24
2025-11-03T03:00:00Z,64.0,35.74,87.99
2025-11-03T04:00:00Z,68.75,44.02,94.97
2025-11-03T05:00:00Z,96.07,65.4,128.81
2025-11-03T06:00:00Z,116.41,70.56,153.44
2025-11-03T07:00:00Z,113.2,68.24,149.31
2025-11-03T08:00:00Z,97.54,54.61,131.46
2025-11-03T09:00:00Z,92.08,49.4,127.26
2025-11-03T10:00:00Z,88.77,42.97,125.67
2025-11-03T11:00:00Z,87.74,44.75,123.98
2025-11-03T12:00:00Z,97.82,50.07,135.77
2025-11-03T13:00:00Z,109.05,64.73,146.26
2025-11-03T14:00:00Z,125.91,86.8,162.63
2025-11-03T15:00:00Z,138.49,91.06,173.19
2025-11-03T16:00:00Z,152.13,100.06,185.78
2025-11-03T17:00:00Z,153.3,99.48,193.37
2025-11-03T18:00:00Z,128.24,75.13,172.71
2025-11-03T19:00:00Z,113.09,63.95,152.62
2025-11-03T20:00:00Z,106.34,68.05,134.31
2025-11-03T21:00:00Z,97.45,67.29,121.38
2025-11-03T22:00:00Z,88.9,64.65,112.64
2025-11-03T23:00:00Z,82.45,55.48,108.85
2025-11-04T00:00:00Z,76.94,52.22,102.92
2025-11-04T01:00:00Z,77.05,48.45,101.89
2025-11-04T02:00:00Z,73.61,46.09,97.97
2025-11-04T03:00:00Z,77.08,48.82,101.06
2025-11-04T04:00:00Z,79.03,54.31,105.25
2025-11-04T05:00:00Z,102.26,71.6,135.01
2025-11-04T06:00:00Z,130.65,84.8,167.69
2025-11-04T07:00:00Z,120.58,75.62,156.69
2025-11-04T08:00:00Z,105.23,62.3,139.15
2025-11-04T09:00:00Z,94.19,51.51,129.37
2025-11-04T10:00:00Z,87.97,42.17,124.87
2025-11-04T11:00:00Z,88.09,45.11,124.34
2025-11-04T12:00:00Z,88.51,40.77,126.46
2025-11-04T13:00:00Z,93.97,49.64,131.17
2025-11-04T14:00:00Z,100.94,61.82,137.66
2025-11-04T15:00:00Z,115.25,67.82,149.96
2025-11-04T16:00:00Z,134.37,82.3,168.02
2025-11-04T17:00:00Z,126.06,72.24,166.13
2025-11-04T18:00:00Z,111.62,58.51,156.09
2025-11-04T19:00:00Z,91.54,42.39,131.07
2025-11-04T20:00:00Z,82.99,44.7,110.96
2025-11-04T21:00:00Z,73.15,42.99,97.08
2025-11-04T22:00:00Z,58.93,34.68,82.67
2025-11-04T23:00:00Z,54.24,27.27,80.65
2025-11-05T00:00:00Z,51.48,26.76,77.46
2025-11-05T01:00:00Z,48.97,20.36,73.8
2025-11-05T02:00:00Z,48.75,21.23,73.11
2025-11-05T03:00:00Z,49.23,20.97,73.21
2025-11-05T04:00:00Z,67.89,43.16,94.11
2025-11-05T05:00:00Z,90.75,60.08,123.49
2025-11-05T06:00:00Z,119.78,73.93,156.82
2025-11-05T07:00:00Z,114.21,69.25,150.32
2025-11-05T08:00:00Z,86.36,43.43,120.27
2025-11-05T09:00:00Z,68.6,25.92,103.78
2025-11-05T10:00:00Z,63.5,17.7,100.4
2025-11-05T11:00:00Z,63.13,20.15,99.38
2025-11-05T12:00:00Z,73.05,25.3,111.0
2025-11-05T13:00:00Z,88.38,44.06,125.59
2025-11-05T14:00:00Z,122.05,82.93,158.77
2025-11-05T15:00:00Z,152.96,105.53,187.67
2025-11-05T16:00:00Z,165.2,113.13,198.86
2025-11-05T17:00:00Z,169.03,115.21,209.1
2025-11-05T18:00:00Z,151.09,97.98,195.56
2025-11-05T19:00:00Z,112.97,63.82,152.49
2025-11-05T20:00:00Z,104.46,66.17,132.43
2025-11-05T21:00:00Z,93.56,63.4,117.49
2025-11-05T22:00:00Z,83.04,58.79,106.77
2025-11-05T23:00:00Z,82.94,55.97,109.35
2025-11-06T00:00:00Z,81.0,56.29,106.98
2025-11-06T01:00:00Z,76.56,47.96,101.4
2025-11-06T02:00:00Z,77.32,49.8,101.69
2025-11-06T03:00:00Z,79.46,51.2,103.44
2025-11-06T04:00:00Z,93.82,69.1,120.04
2025-11-06T05:00:00Z,108.52,77.85,141.26
2025-11-06T06:00:00Z,148.99,103.13,186.02
2025-11-06T07:00:00Z,134.07,89.11,170.18
2025-11-06T08:00:00Z,98.5,55.56,132.41
2025-11-06T09:00:00Z,74.91,32.23,110.09
2025-11-06T10:00:00Z,73.44,27.65,110.34
2025-11-06T11:00:00Z,67.92,24.94,104.17
2025-11-06T12:00:00Z,77.64,29.9,115.59
2025-11-06T13:00:00Z,94.07,49.75,131.28
2025-11-06T14:00:00Z,110.28,71.16,146.99
2025-11-06T15:00:00Z,136.86,89.42,171.56
2025-11-06T16:00:00Z,156.11,104.04,189.76
2025-11-06T17:00:00Z,144.21,90.4,184.29
2025-11-06T18:00:00Z,125.05,71.94,169.51
2025-11-06T19:00:00Z,108.43,59.29,147.96
2025-11-06T20:00:00Z,102.02,63.73,129.99
2025-11-06T21:00:00Z,91.55,61.38,115.48
2025-11-06T22:00:00Z,83.05,58.8,106.79
2025-11-06T23:00:00Z,81.2,54.24,107.61
2025-11-07T00:00:00Z,74.77,50.06,100.75
2025-11-07T01:00:00Z,74.55,45.95,99.39
2025-11-07T02:00:00Z,73.72,46.2,98.08
2025-11-07T03:00:00Z,78.44,50.19,102.43
2025-11-07T04:00:00Z,84.78,60.06,111.0
2025-11-07T05:00:00Z,105.58,74.92,138.33
2025-11-07T06:00:00Z,116.9,71.05,153.94
2025-11-07T07:00:00Z,108.11,63.15,144.22
2025-11-07T08:00:00Z,83.77,40.84,117.68
2025-11-07T09:00:00Z,77.97,35.29,113.15
2025-11-07T10:00:00Z,76.59,30.8,113.49
2025-11-07T11:00:00Z,77.33,34.35,113.58
2025-11-07T12:00:00Z,85.55,37.81,123.5
2025-11-07T13:00:00Z,92.98,48.66,130.18
2025-11-07T14:00:00Z,115.6,76.48,152.32
2025-11-07T15:00:00Z,125.12,77.68,159.82
2025-11-07T16:00:00Z,127.91,75.84,161.56
2025-11-07T17:00:00Z,120.47,66.65,160.54
2025-11-07T18:00:00Z,108.96,55.85,153.43
2025-11-07T19:00:00Z,101.47,52.32,141.0
2025-11-07T20:00:00Z,91.17,52.88,119.14
2025-11-07T21:00:00Z,88.48,58.31,112.41
2025-11-07T22:00:00Z,79.05,54.8,102.79
2025-11-07T23:00:00Z,78.62,51.65,105.03
2025-11-08T00:00:00Z,74.52,49.81,100.5
2025-11-08T01:00:00Z,77.13,48.53,101.97
2025-11-08T02:00:00Z,74.83,47.31,99.19
2025-11-08T03:00:00Z,72.05,43.8,96.04
2025-11-08T04:00:00Z,75.36,50.63,101.58
2025-11-08T05:00:00Z,77.19,46.53,109.94
2025-11-08T06:00:00Z,91.57,45.71,128.6
2025-11-08T07:00:00Z,86.14,41.18,122.25
2025-11-08T08:00:00Z,76.09,33.16,110.01
2025-11-08T09:00:00Z,67.52,24.84,102.7
2025-11-08T10:00:00Z,63.76,17.96,100.66
2025-11-08T11:00:00Z,65.56,22.57,101.8
2025-11-08T12:00:00Z,73.83,26.09,111.78
2025-11-08T13:00:00Z,82.16,37.84,119.37
2025-11-08T14:00:00Z,99.16,60.04,135.88
2025-11-08T15:00:00Z,123.12,75.68,157.82
2025-11-08T16:00:00Z,128.44,76.37,162.09
2025-11-08T17:00:00Z,117.25,63.44,157.33
2025-11-08T18:00:00Z,108.7,55.59,153.17
2025-11-08T19:00:00Z,95.19,46.04,134.71
2025-11-08T20:00:00Z,87.0,48.71,114.97
2025-11-08T21:00:00Z,79.21,49.04,103.13
2025-11-08T22:00:00Z,74.37,50.12,98.11
2025-11-08T23:00:00Z,75.98,49.01,102.39
2025-11-09T00:00:00Z,69.9,45.19,95.88
2025-11-09T01:00:00Z,58.48,29.88,83.32
2025-11-09T02:00:00Z,56.33,28.82,80.7
2025-11-09T03:00:00Z,53.46,25.21,77.45
2025-11-09T04:00:00Z,50.67,25.94,76.88
2025-11-09T05:00:00Z,46.71,16.04,79.45
2025-11-09T06:00:00Z,60.71,14.85,97.74
2025-11-09T07:00:00Z,62.39,17.43,98.5
2025-11-09T08:00:00Z,63.91,20.98,97.83
2025-11-09T09:00:00Z,62.03,19.35,97.21
2025-11-09T10:00:00Z,60.81,15.01,97.71
2025-11-09T11:00:00Z,59.29,16.31,95.53
2025-11-09T12:00:00Z,56.89,9.14,94.84
2025-11-09T13:00:00Z,59.27,14.95,96.47
2025-11-09T14:00:00Z,78.84,39.72,115.56
2025-11-09T15:00:00Z,88.66,41.23,123.37
2025-11-09T16:00:00Z,106.06,53.99,139.71
2025-11-09T17:00:00Z,120.74,66.92,160.81
2025-11-09T18:00:00Z,114.2,61.09,158.67
2025-11-09T19:00:00Z,92.94,43.79,132.47
2025-11-09T20:00:00Z,79.69,41.4,107.66
2025-11-09T21:00:00Z,80.24,50.08,104.17
2025-11-09T22:00:00Z,69.52,45.27,93.25
2025-11-09T23:00:00Z,65.94,38.97,92.34
2025-11-10T00:00:00Z,63.06,38.34,89.04
2025-11-10T01:00:00Z,43.35,14.75,68.19
2025-11-10T02:00:00Z,43.63,16.11,67.99
2025-11-10T03:00:00Z,40.88,12.62,64.86
2025-11-10T04:00:00Z,43.6,18.87,69.81
2025-11-10T05:00:00Z,68.52,37.86,101.26
2025-11-10T06:00:00Z,89.13,43.28,126.17
2025-11-10T07:00:00Z,86.4,41.44,122.51
2025-11-10T08:00:00Z,75.85,32.92,109.77
2025-11-10T09:00:00Z,69.55,26.87,104.73
2025-11-10T10:00:00Z,66.96,21.17,103.86
2025-11-10T11:00:00Z,67.64,24.66,103.89
2025-11-10T12:00:00Z,67.16,19.42,105.11
2025-11-10T13:00:00Z,67.91,23.59,105.12
2025-11-10T14:00:00Z,71.44,32.32,108.16
2025-11-10T15:00:00Z,80.03,32.6,114.74
2025-11-10T16:00:00Z,133.99,81.92,167.64
2025-11-10T17:00:00Z,104.6,50.78,144.67
2025-11-10T18:00:00Z,72.42,19.31,116.89
2025-11-10T19:00:00Z,61.42,12.27,100.95
2025-11-10T20:00:00Z,49.99,11.7,77.96
2025-11-10T21:00:00Z,38.36,8.2,62.29
2025-11-10T22:00:00Z,38.54,14.29,62.28
2025-11-10T23:00:00Z,38.01,11.04,64.41
2025-11-11T00:00:00Z,41.41,16.7,67.39
2025-11-11T01:00:00Z,43.91,15.31,68.75
2025-11-11T02:00:00Z,45.54,18.02,69.9
2025-11-11T03:00:00Z,40.93,12.67,64.91
2025-11-11T04:00:00Z,39.41,14.68,65.62
2025-11-11T05:00:00Z,62.74,32.07,95.48
2025-11-11T06:00:00Z,83.3,37.45,120.34
2025-11-11T07:00:00Z,105.73,60.77,141.84
2025-11-11T08:00:00Z,97.06,54.13,130.98
2025-11-11T09:00:00Z,92.43,49.75,127.61
2025-11-11T10:00:00Z,86.57,40.78,123.47
2025-11-11T11:00:00Z,75.82,32.84,112.06
2025-11-11T12:00:00Z,75.21,27.47,113.16
2025-11-11T13:00:00Z,87.26,42.93,124.46
2025-11-11T14:00:00Z,103.15,64.04,139.87
2025-11-11T15:00:00Z,113.39,65.95,148.09
2025-11-11T16:00:00Z,127.52,75.45,161.17
2025-11-11T17:00:00Z,115.14,61.32,155.21
2025-11-11T18:00:00Z,96.73,43.62,141.2
2025-11-11T19:00:00Z,84.74,35.59,124.26
2025-11-11T20:00:00Z,71.92,33.63,99.89
2025-11-11T21:00:00Z,72.15,41.99,96.08
2025-11-11T22:00:00Z,65.34,41.09,89.08
2025-11-11T23:00:00Z,64.94,37.98,91.35
2025-11-12T00:00:00Z,61.29,36.58,87.27
2025-11-12T01:00:00Z,58.52,29.92,83.36
2025-11-12T02:00:00Z,59.04,31.52,83.4
2025-11-12T03:00:00Z,57.14,28.89,81.13
2025-11-12T04:00:00Z,64.72,39.99,90.94
2025-11-12T05:00:00Z,79.48,48.81,112.22
2025-11-12T06:00:00Z,119.95,74.1,156.99
2025-11-12T07:00:00Z,126.51,81.55,162.62
2025-11-12T08:00:00Z,115.66,72.72,149.57
2025-11-12T09:00:00Z,91.71,49.02,126.89
2025-11-12T10:00:00Z,74.31,28.52,111.21
2025-11-12T11:00:00Z,72.66,29.67,108.9
2025-11-12T12:00:00Z,76.81,29.06,114.76
2025-11-12T13:00:00Z,94.34,50.02,131.55
2025-11-12T14:00:00Z,110.34,71.22,147.06
2025-11-12T15:00:00Z,134.48,87.05,169.18
2025-11-12T16:00:00Z,145.3,93.23,178.96
2025-11-12T17:00:00Z,120.99,67.18,161.07
2025-11-12T18:00:00Z,108.69,55.59,153.16
2025-11-12T19:00:00Z,98.86,49.72,138.39
2025-11-12T20:00:00Z,93.05,54.76,121.02
2025-11-12T21:00:00Z,85.96,55.8,109.89
2025-11-12T22:00:00Z,73.0,48.75,96.73
2025-11-12T23:00:00Z,71.79,44.82,98.19
2025-11-13T00:00:00Z,63.37,38.66,89.35
2025-11-13T01:00:00Z,64.88,36.27,89.71
2025-11-13T02:00:00Z,59.78,32.26,84.14
2025-11-13T03:00:00Z,63.58,35.32,87.56
2025-11-13T04:00:00Z,64.0,39.27,90.21
2025-11-13T05:00:00Z,80.1,49.43,112.84
2025-11-13T06:00:00Z,106.12,60.27,143.16
2025-11-13T07:00:00Z,100.14,55.19,136.26
2025-11-13T08:00:00Z,89.98,47.05,123.9
2025-11-13T09:00:00Z,76.1,33.42,111.29
2025-11-13T10:00:00Z,70.97,25.17,107.87
2025-11-13T11:00:00Z,68.28,25.3,104.52
2025-11-13T12:00:00Z,75.81,28.06,113.76
2025-11-13T13:00:00Z,84.95,40.63,122.16
2025-11-13T14:00:00Z,106.17,67.05,142.89
2025-11-13T15:00:00Z,123.1,75.67,157.8
2025-11-13T16:00:00Z,128.65,76.58,162.31
2025-11-13T17:00:00Z,119.23,65.42,159.31
2025-11-13T18:00:00Z,104.96,51.85,149.43
2025-11-13T19:00:00Z,90.49,41.34,130.01
2025-11-13T20:00:00Z,83.94,45.65,111.91
2025-11-13T21:00:00Z,83.34,53.18,107.27
2025-11-13T22:00:00Z,66.55,42.3,90.29
2025-11-13T23:00:00Z,52.27,25.3,78.67
2025-11-14T00:00:00Z,42.79,18.08,68.77
2025-11-14T01:00:00Z,42.65,14.05,67.49
2025-11-14T02:00:00Z,43.36,15.84,67.72
2025-11-14T03:00:00Z,45.91,17.65,69.89
2025-11-14T04:00:00Z,50.31,25.59,76.53
2025-11-14T05:00:00Z,71.89,41.22,104.63
2025-11-14T06:00:00Z,97.96,52.1,134.99
2025-11-14T07:00:00Z,89.13,44.17,125.24
2025-11-14T08:00:00Z,73.84,30.91,107.76
2025-11-14T09:00:00Z,68.01,25.33,103.19
2025-11-14T10:00:00Z,68.37,22.58,105.27
2025-11-14T11:00:00Z,64.08,21.1,100.33
2025-11-14T12:00:00Z,69.66,21.91,107.61
2025-11-14T13:00:00Z,76.86,32.53,114.06
2025-11-14T14:00:00Z,97.36,58.24,134.08
2025-11-14T15:00:00Z,116.69,69.26,151.4
2025-11-14T16:00:00Z,133.5,81.43,167.15
2025-11-14T17:00:00Z,126.99,73.17,167.06
2025-11-14T18:00:00Z,110.24,57.13,154.71
2025-11-14T19:00:00Z,90.51,41.36,130.04
2025-11-14T20:00:00Z,92.45,54.16,120.42
2025-11-14T21:00:00Z,84.29,54.12,108.22
2025-11-14T22:00:00Z,81.83,57.58,105.57
2025-11-14T23:00:00Z,81.16,54.19,107.57
2025-11-15T00:00:00Z,86.58,61.87,112.56
2025-11-15T01:00:00Z,87.02,58.41,111.85
2025-11-15T02:00:00Z,80.16,52.64,104.52
2025-11-15T03:00:00Z,78.58,50.32,102.57
2025-11-15T04:00:00Z,78.94,54.22,105.16
2025-11-15T05:00:00Z,89.45,58.79,122.19
2025-11-15T06:00:00Z,100.83,54.98,137.87
2025-11-15T07:00:00Z,99.96,55.01,136.07
2025-11-15T08:00:00Z,95.88,52.95,129.79
2025-11-15T09:00:00Z,87.41,44.73,122.59
2025-11-15T10:00:00Z,86.08,40.29,122.98
2025-11-15T11:00:00Z,78.87,35.88,115.11
2025-11-15T12:00:00Z,84.11,36.36,122.06
2025-11-15T13:00:00Z,86.13,41.81,123.34
2025-11-15T14:00:00Z,89.11,49.99,125.83
2025-11-15T15:00:00Z,89.02,41.58,123.72
2025-11-15T16:00:00Z,111.4,59.33,145.05
2025-11-15T17:00:00Z,106.16,52.34,146.23
2025-11-15T18:00:00Z,100.22,47.11,144.69
2025-11-15T19:00:00Z,78.71,29.56,118.24
2025-11-15T20:00:00Z,76.37,38.07,104.33
2025-11-15T21:00:00Z,74.47,44.31,98.4
2025-11-15T22:00:00Z,60.48,36.23,84.22
2025-11-15T23:00:00Z,50.97,24.0,77.37
2025-11-16T00:00:00Z,44.71,20.0,70.69
2025-11-16T01:00:00Z,52.53,23.93,77.36
2025-11-16T02:00:00Z,49.15,21.63,73.51
2025-11-16T03:00:00Z,51.16,22.9,75.14
2025-11-16T04:00:00Z,53.61,28.88,79.82
2025-11-16T05:00:00Z,49.5,18.84,82.25
2025-11-16T06:00:00Z,56.54,10.69,93.57
2025-11-16T07:00:00Z,61.39,16.43,97.5
2025-11-16T08:00:00Z,68.12,25.19,102.04
2025-11-16T09:00:00Z,69.4,26.72,104.58
2025-11-16T10:00:00Z,71.87,26.08,108.77
2025-11-16T11:00:00Z,72.77,29.78,109.01
2025-11-16T12:00:00Z,78.81,31.06,116.76
2025-11-16T13:00:00Z,80.14,35.82,117.35
2025-11-16T14:00:00Z,87.58,48.46,124.3
2025-11-16T15:00:00Z,96.89,49.46,131.6
2025-11-16T16:00:00Z,108.18,56.1,141.83
2025-11-16T17:00:00Z,114.21,60.39,154.28
2025-11-16T18:00:00Z,104.01,50.9,148.47
2025-11-16T19:00:00Z,92.58,43.44,132.11
2025-11-16T20:00:00Z,87.78,49.49,115.75
2025-11-16T21:00:00Z,89.17,59.0,113.1
2025-11-16T22:00:00Z,76.9,52.65,100.64
2025-11-16T23:00:00Z,74.31,47.34,100.71
2025-11-17T00:00:00Z,76.23,51.52,102.21
2025-11-17T01:00:00Z,75.54,46.94,100.37
2025-11-17T02:00:00Z,74.29,46.77,98.65
2025-11-17T03:00:00Z,70.88,42.62,94.86
2025-11-17T04:00:00Z,81.75,57.02,107.97
2025-11-17T05:00:00Z,96.56,65.89,129.3
2025-11-17T06:00:00Z,122.86,77.01,159.9
2025-11-17T07:00:00Z,123.32,78.36,159.43
2025-11-17T08:00:00Z,114.84,71.91,148.76
2025-11-17T09:00:00Z,109.23,66.55,144.41
2025-11-17T10:00:00Z,105.69,59.89,142.59
2025-11-17T11:00:00Z,99.63,56.64,135.87
2025-11-17T12:00:00Z,105.37,57.62,143.32
2025-11-17T13:00:00Z,109.58,65.26,146.78
2025-11-17T14:00:00Z,114.75,75.64,151.47
2025-11-17T15:00:00Z,109.14,61.7,143.84
2025-11-17T16:00:00Z,130.32,78.24,163.97
2025-11-17T17:00:00Z,123.46,69.65,163.54
2025-11-17T18:00:00Z,99.46,46.35,143.93
2025-11-17T19:00:00Z,83.72,34.57,123.25
2025-11-17T20:00:00Z,75.95,37.65,103.92
2025-11-17T21:00:00Z,77.29,47.12,101.22
2025-11-17T22:00:00Z,58.61,34.37,82.35
2025-11-17T23:00:00Z,62.66,35.69,89.06
2025-11-18T00:00:00Z,60.41,35.7,86.39
2025-11-18T01:00:00Z,57.06,28.46,81.9
2025-11-18T02:00:00Z,55.13,27.61,79.49
2025-11-18T03:00:00Z,55.25,26.99,79.23
2025-11-18T04:00:00Z,64.16,39.43,90.38
2025-11-18T05:00:00Z,80.73,50.07,113.47
2025-11-18T06:00:00Z,108.93,63.08,145.97
2025-11-18T07:00:00Z,120.33,75.37,156.44
2025-11-18T08:00:00Z,110.81,67.88,144.73
2025-11-18T09:00:00Z,95.84,53.15,131.02
2025-11-18T10:00:00Z,90.35,44.55,127.25
2025-11-18T11:00:00Z,93.7,50.72,129.94
2025-11-18T12:00:00Z,101.71,53.97,139.66
2025-11-18T13:00:00Z,103.74,59.42,140.95
2025-11-18T14:00:00Z,120.95,81.83,157.67
2025-11-18T15:00:00Z,146.16,98.73,180.86
2025-11-18T16:00:00Z,152.12,100.05,185.77
2025-11-18T17:00:00Z,158.56,104.74,198.63
2025-11-18T18:00:00Z,151.99,98.88,196.46
2025-11-18T19:00:00Z,136.5,87.36,176.03
2025-11-18T20:00:00Z,122.34,84.05,150.31
2025-11-18T21:00:00Z,115.77,85.61,139.7
2025-11-18T22:00:00Z,98.38,74.13,122.12
2025-11-18T23:00:00Z,110.13,83.17,136.54
2025-11-19T00:00:00Z,99.82,75.1,125.8
2025-11-19T01:00:00Z,89.57,60.97,114.41
2025-11-19T02:00:00Z,85.81,58.3,110.18
2025-11-19T03:00:00Z,98.09,69.83,122.07
2025-11-19T04:00:00Z,100.64,75.91,126.85
2025-11-19T05:00:00Z,117.27,86.61,150.02
2025-11-19T06:00:00Z,135.43,89.58,172.47
2025-11-19T07:00:00Z,166.96,122.0,203.07
2025-11-19T08:00:00Z,147.39,104.46,181.31
2025-11-19T09:00:00Z,109.62,66.94,144.8
2025-11-19T10:00:00Z,99.15,53.36,136.05
2025-11-19T11:00:00Z,92.67,49.69,128.91
2025-11-19T12:00:00Z,101.24,53.49,139.19
2025-11-19T13:00:00Z,105.77,61.45,142.98
2025-11-19T14:00:00Z,121.51,82.39,158.23
2025-11-19T15:00:00Z,133.64,86.2,168.34
2025-11-19T16:00:00Z,154.28,102.21,187.93
2025-11-19T17:00:00Z,146.42,92.6,186.49
2025-11-19T18:00:00Z,133.09,79.98,177.56
2025-11-19T19:00:00Z,101.74,52.59,141.26
2025-11-19T20:00:00Z,97.8,59.51,125.77
2025-11-19T21:00:00Z,98.76,68.6,122.69
2025-11-19T22:00:00Z,93.96,69.71,117.69
2025-11-19T23:00:00Z,94.89,67.92,121.29
2025-11-20T00:00:00Z,88.68,63.97,114.66
2025-11-20T01:00:00Z,82.87,54.27,107.71
2025-11-20T02:00:00Z,80.47,52.95,104.83
2025-11-20T03:00:00Z,84.42,56.17,108.41
2025-11-20T04:00:00Z,88.39,63.66,114.6
2025-11-20T05:00:00Z,107.0,76.34,139.75
2025-11-20T06:00:00Z,127.84,81.99,164.88
2025-11-20T07:00:00Z,144.38,99.42,180.49
2025-11-20T08:00:00Z,121.4,78.47,155.32
2025-11-20T09:00:00Z,101.09,58.41,136.28
2025-11-20T10:00:00Z,87.74,41.94,124.64
2025-11-20T11:00:00Z,74.99,32.01,111.23
2025-11-20T12:00:00Z,83.34,35.59,121.29
2025-11-20T13:00:00Z,96.04,51.72,133.25
2025-11-20T14:00:00Z,117.65,78.53,154.37
2025-11-20T15:00:00Z,122.07,74.64,156.77
2025-11-20T16:00:00Z,141.28,89.21,174.93
2025-11-20T17:00:00Z,131.67,77.85,171.74
2025-11-20T18:00:00Z,131.96,78.85,176.43
2025-11-20T19:00:00Z,109.11,59.96,148.63
2025-11-20T20:00:00Z,102.88,64.59,130.85
2025-11-20T21:00:00Z,99.01,68.84,122.94
2025-11-20T22:00:00Z,92.91,68.66,116.65
2025-11-20T23:00:00Z,91.02,64.05,117.43
2025-11-21T00:00:00Z,86.86,62.15,112.84
2025-11-21T01:00:00Z,79.34,50.74,104.18
2025-11-21T02:00:00Z,76.91,49.4,101.28
2025-11-21T03:00:00Z,77.64,49.38,101.62
2025-11-21T04:00:00Z,80.46,55.73,106.67
2025-11-21T05:00:00Z,91.31,60.65,124.05
2025-11-21T06:00:00Z,125.3,79.44,162.33
2025-11-21T07:00:00Z,126.89,81.93,163.0
2025-11-21T08:00:00Z,119.35,76.42,153.27
2025-11-21T09:00:00Z,103.05,60.37,138.24
2025-11-21T10:00:00Z,98.41,52.62,135.31
2025-11-21T11:00:00Z,92.68,49.7,128.92
2025-11-21T12:00:00Z,93.05,45.3,131.0
2025-11-21T13:00:00Z,99.31,54.99,136.52
2025-11-21T14:00:00Z,109.51,70.39,146.23
2025-11-21T15:00:00Z,127.16,79.73,161.87
2025-11-21T16:00:00Z,134.2,82.13,167.85
2025-11-21T17:00:00Z,129.43,75.61,169.5
2025-11-21T18:00:00Z,121.64,68.53,166.11
2025-11-21T19:00:00Z,105.82,56.67,145.35
2025-11-21T20:00:00Z,87.5,49.21,115.47
2025-11-21T21:00:00Z,81.98,51.81,105.9
2025-11-21T22:00:00Z,69.42,45.17,93.16
2025-11-21T23:00:00Z,72.27,45.3,98.67
2025-11-22T00:00:00Z,66.99,42.28,92.97
2025-11-22T01:00:00Z,66.11,37.51,90.94
2025-11-22T02:00:00Z,62.98,35.46,87.34
2025-11-22T03:00:00Z,64.93,36.67,88.91
2025-11-22T04:00:00Z,68.72,43.99,94.94
2025-11-22T05:00:00Z,75.68,45.01,108.42
2025-11-22T06:00:00Z,98.86,53.01,135.9
2025-11-22T07:00:00Z,124.53,79.57,160.64
2025-11-22T08:00:00Z,100.61,57.68,134.53
2025-11-22T09:00:00Z,93.97,51.29,129.15
2025-11-22T10:00:00Z,86.96,41.17,123.86
2025-11-22T11:00:00Z,76.46,33.48,112.71
2025-11-22T12:00:00Z,80.52,32.77,118.47
2025-11-22T13:00:00Z,92.22,47.9,129.43
2025-11-22T14:00:00Z,133.95,94.83,170.67
2025-11-22T15:00:00Z,173.71,126.27,208.41
2025-11-22T16:00:00Z,174.62,122.55,208.27
2025-11-22T17:00:00Z,181.09,127.28,221.17
2025-11-22T18:00:00Z,152.67,99.56,197.14
2025-11-22T19:00:00Z,131.97,82.82,171.5
2025-11-22T20:00:00Z,109.1,70.81,137.07
2025-11-22T21:00:00Z,95.6,65.43,119.53
2025-11-22T22:00:00Z,86.85,62.6,110.59
2025-11-22T23:00:00Z,84.61,57.64,111.02
2025-11-23T00:00:00Z,75.61,50.89,101.59
2025-11-23T01:00:00Z,63.24,34.64,88.08
2025-11-23T02:00:00Z,62.25,34.74,86.62
2025-11-23T03:00:00Z,63.33,35.08,87.32
2025-11-23T04:00:00Z,59.21,34.48,85.42
2025-11-23T05:00:00Z,61.55,30.89,94.3
2025-11-23T06:00:00Z,86.47,40.62,123.51
2025-11-23T07:00:00Z,97.47,52.51,133.58
2025-11-23T08:00:00Z,77.54,34.61,111.46
2025-11-23T09:00:00Z,71.31,28.63,106.49
2025-11-23T10:00:00Z,65.51,19.72,102.41
2025-11-23T11:00:00Z,62.2,19.22,98.44
2025-11-23T12:00:00Z,59.21,11.47,97.16
2025-11-23T13:00:00Z,82.32,38.0,119.53
2025-11-23T14:00:00Z,84.82,45.7,121.54
2025-11-23T15:00:00Z,120.65,73.21,155.35
2025-11-23T16:00:00Z,130.14,78.06,163.79
2025-11-23T17:00:00Z,130.59,76.77,170.66
2025-11-23T18:00:00Z,111.8,58.69,156.27
2025-11-23T19:00:00Z,82.96,33.82,122.49
2025-11-23T20:00:00Z,86.33,48.04,114.3
2025-11-23T21:00:00Z,85.05,54.89,108.98
2025-11-23T22:00:00Z,79.86,55.61,103.6
2025-11-23T23:00:00Z,84.69,57.72,111.1
2025-11-24T00:00:00Z,83.24,58.53,109.22
2025-11-24T01:00:00Z,76.49,47.89,101.33
2025-11-24T02:00:00Z,71.9,44.39,96.27
2025-11-24T03:00:00Z,75.44,47.18,99.42
2025-11-24T04:00:00Z,78.89,54.16,105.1
2025-11-24T05:00:00Z,104.79,74.13,137.53
2025-11-24T06:00:00Z,130.51,84.66,167.55
2025-11-24T07:00:00Z,137.87,92.91,173.98
2025-11-24T08:00:00Z,116.45,73.52,150.36
2025-11-24T09:00:00Z,111.1,68.42,146.28
2025-11-24T10:00:00Z,103.28,57.48,140.18
2025-11-24T11:00:00Z,103.18,60.2,139.42
2025-11-24T12:00:00Z,102.88,55.14,140.83
2025-11-24T13:00:00Z,107.97,63.65,145.18
2025-11-24T14:00:00Z,132.33,93.21,169.05
2025-11-24T15:00:00Z,135.46,88.02,170.16
2025-11-24T16:00:00Z,125.52,73.45,159.17
2025-11-24T17:00:00Z,125.2,71.39,165.28
2025-11-24T18:00:00Z,123.97,70.86,168.44
2025-11-24T19:00:00Z,106.28,57.14,145.81
2025-11-24T20:00:00Z,98.38,60.09,126.35
2025-11-24T21:00:00Z,99.0,68.84,122.93
2025-11-24T22:00:00Z,87.9,63.65,111.64
2025-11-24T23:00:00Z,92.11,65.15,118.52
2025-11-25T00:00:00Z,89.47,64.76,115.45
2025-11-25T01:00:00Z,91.62,63.01,116.45
2025-11-25T02:00:00Z,88.15,60.63,112.51
2025-11-25T03:00:00Z,88.0,59.75,111.99
2025-11-25T04:00:00Z,95.99,71.27,122.21
2025-11-25T05:00:00Z,108.24,77.57,140.98
2025-11-25T06:00:00Z,130.44,84.59,167.48
2025-11-25T07:00:00Z,151.56,106.61,187.68
2025-11-25T08:00:00Z,144.83,101.9,178.75
2025-11-25T09:00:00Z,147.84,105.16,183.03
2025-11-25T10:00:00Z,150.84,105.05,187.74
2025-11-25T11:00:00Z,165.6,122.62,201.85
2025-11-25T12:00:00Z,178.71,130.96,216.66
2025-11-25T13:00:00Z,215.6,171.27,252.8
2025-11-25T14:00:00Z,253.77,214.65,290.49
2025-11-25T15:00:00Z,279.59,232.16,314.29
2025-11-25T16:00:00Z,296.6,244.53,330.26
2025-11-25T17:00:00Z,290.52,236.7,330.59
2025-11-25T18:00:00Z,292.09,238.98,336.56
2025-11-25T19:00:00Z,171.67,122.52,211.19
2025-11-25T20:00:00Z,144.98,106.68,172.95
2025-11-25T21:00:00Z,123.33,93.17,147.26
2025-11-25T22:00:00Z,110.62,86.37,134.36
2025-11-25T23:00:00Z,107.59,80.62,133.99
2025-11-26T00:00:00Z,100.17,75.45,126.15
2025-11-26T01:00:00Z,98.74,70.13,123.57
2025-11-26T02:00:00Z,96.21,68.69,120.57
2025-11-26T03:00:00Z,96.07,67.81,120.05
2025-11-26T04:00:00Z,112.83,88.11,139.05
2025-11-26T05:00:00Z,132.41,101.74,165.15
2025-11-26T06:00:00Z,349.96,304.11,386.99
2025-11-26T07:00:00Z,427.05,382.09,463.16
2025-11-26T08:00:00Z,355.93,313.0,389.85
2025-11-26T09:00:00Z,255.69,213.01,290.87
2025-11-26T10:00:00Z,334.39,288.59,371.29
2025-11-26T11:00:00Z,375.88,332.89,412.12
2025-11-26T12:00:00Z,275.13,227.39,313.08
2025-11-26T13:00:00Z,279.01,234.69,316.22
2025-11-26T14:00:00Z,352.79,313.67,389.51
2025-11-26T15:00:00Z,432.12,384.68,466.82
2025-11-26T16:00:00Z,519.46,467.39,553.11
2025-11-26T17:00:00Z,371.23,317.42,411.31
2025-11-26T18:00:00Z,273.12,220.01,317.59
2025-11-26T19:00:00Z,194.4,145.25,233.92
2025-11-26T20:00:00Z,146.39,108.1,174.36
2025-11-26T21:00:00Z,121.54,91.38,145.47
2025-11-26T22:00:00Z,107.28,83.03,131.02
2025-11-26T23:00:00Z,96.26,69.29,122.67
2025-11-27T00:00:00Z,91.25,66.53,117.23
2025-11-27T01:00:00Z,86.04,57.44,110.88
2025-11-27T02:00:00Z,82.76,55.24,107.13
2025-11-27T03:00:00Z,88.63,60.37,112.61
2025-11-27T04:00:00Z,99.79,75.06,126.01
2025-11-27T05:00:00Z,127.4,96.74,160.14
2025-11-27T06:00:00Z,225.78,179.93,262.82
2025-11-27T07:00:00Z,273.77,228.81,309.88
2025-11-27T08:00:00Z,256.09,213.15,290.0
2025-11-27T09:00:00Z,212.61,169.93,247.79
2025-11-27T10:00:00Z,160.46,114.67,197.36
2025-11-27T11:00:00Z,154.84,111.86,191.09
2025-11-27T12:00:00Z,156.41,108.67,194.36
2025-11-27T13:00:00Z,174.05,129.73,211.26
2025-11-27T14:00:00Z,222.84,183.72,259.56
2025-11-27T15:00:00Z,304.11,256.68,338.81
2025-11-27T16:00:00Z,293.85,241.78,327.5
2025-11-27T17:00:00Z,201.21,147.4,241.29
2025-11-27T18:00:00Z,162.98,109.87,207.45
2025-11-27T19:00:00Z,136.9,87.76,176.43
2025-11-27T20:00:00Z,110.05,71.76,138.02
2025-11-27T21:00:00Z,95.7,65.54,119.63
2025-11-27T22:00:00Z,82.73,58.48,106.47
2025-11-27T23:00:00Z,84.73,57.76,111.14
2025-11-28T00:00:00Z,82.13,57.42,108.12
2025-11-28T01:00:00Z,75.58,46.97,100.41
2025-11-28T02:00:00Z,74.5,46.98,98.86
2025-11-28T03:00:00Z,79.43,51.17,103.42
2025-11-28T04:00:00Z,86.04,61.32,112.26
2025-11-28T05:00:00Z,109.7,79.04,142.44
2025-11-28T06:00:00Z,164.42,118.56,201.45
2025-11-28T07:00:00Z,174.37,129.41,210.48
2025-11-28T08:00:00Z,169.76,126.83,203.68
2025-11-28T09:00:00Z,151.64,108.96,186.83
2025-11-28T10:00:00Z,152.87,107.07,189.77
2025-11-28T11:00:00Z,158.43,115.45,194.67
2025-11-28T12:00:00Z,157.37,109.63,195.32
2025-11-28T13:00:00Z,160.14,115.82,197.35
2025-11-28T14:00:00Z,166.41,127.3,203.13
2025-11-28T15:00:00Z,170.33,122.9,205.04
2025-11-28T16:00:00Z,176.43,124.36,210.08
2025-11-28T17:00:00Z,171.39,117.58,211.47
2025-11-28T18:00:00Z,162.11,109.0,206.58
2025-11-28T19:00:00Z,126.5,77.36,166.03
2025-11-28T20:00:00Z,119.68,81.39,147.65
2025-11-28T21:00:00Z,111.07,80.91,135.0
2025-11-28T22:00:00Z,97.69,73.44,121.43
2025-11-28T23:00:00Z,91.9,64.93,118.31
2025-11-29T00:00:00Z,81.04,56.33,107.02
2025-11-29T01:00:00Z,78.26,49.66,103.09
2025-11-29T02:00:00Z,78.31,50.8,102.68
2025-11-29T03:00:00Z,74.6,46.35,98.59
2025-11-29T04:00:00Z,79.9,55.17,106.12
2025-11-29T05:00:00Z,83.36,52.7,116.1
2025-11-29T06:00:00Z,86.49,40.64,123.53
2025-11-29T07:00:00Z,99.82,54.86,135.93
2025-11-29T08:00:00Z,105.68,62.75,139.6
2025-11-29T09:00:00Z,96.17,53.49,131.35
2025-11-29T10:00:00Z,105.9,60.11,142.8
2025-11-29T11:00:00Z,98.71,55.72,134.95
2025-11-29T12:00:00Z,94.52,46.77,132.47
2025-11-29T13:00:00Z,95.15,50.83,132.36
2025-11-29T14:00:00Z,104.49,65.37,141.21
2025-11-29T15:00:00Z,110.54,63.1,145.24
2025-11-29T16:00:00Z,142.91,90.84,176.56
2025-11-29T17:00:00Z,134.14,80.32,174.21
2025-11-29T18:00:00Z,111.85,58.74,156.32
2025-11-29T19:00:00Z,102.92,53.77,142.44
2025-11-29T20:00:00Z,98.39,60.1,126.36
2025-11-29T21:00:00Z,99.76,69.59,123.69
2025-11-29T22:00:00Z,89.52,65.27,113.26
2025-11-29T23:00:00Z,93.82,66.85,120.23
2025-11-30T00:00:00Z,92.01,67.29,117.99
2025-11-30T01:00:00Z,87.66,59.06,112.5
2025-11-30T02:00:00Z,76.77,49.25,101.13
2025-11-30T03:00:00Z,79.96,51.7,103.94
2025-11-30T04:00:00Z,85.21,60.48,111.42
2025-11-30T05:00:00Z,86.55,55.88,119.29
2025-11-30T06:00:00Z,89.1,43.24,126.13
2025-11-30T07:00:00Z,84.72,39.76,120.83
2025-11-30T08:00:00Z,92.77,49.84,126.69
2025-11-30T09:00:00Z,95.4,52.72,130.59
2025-11-30T10:00:00Z,89.82,44.03,126.72
2025-11-30T11:00:00Z,83.25,40.26,119.49
2025-11-30T12:00:00Z,82.69,34.95,120.64
2025-11-30T13:00:00Z,85.53,41.21,122.73
2025-11-30T14:00:00Z,93.53,54.41,130.25
2025-11-30T15:00:00Z,109.19,61.75,143.89
2025-11-30T16:00:00Z,136.36,84.29,170.01
2025-11-30T17:00:00Z,124.68,70.87,164.76
2025-11-30T18:00:00Z,97.4,44.29,141.87
2025-11-30T19:00:00Z,87.37,38.22,126.89
2025-11-30T20:00:00Z,80.12,41.82,108.08
2025-11-30T21:00:00Z,86.38,56.22,110.31
2025-11-30T22:00:00Z,77.31,53.06,101.05
2025-11-30T23:00:00Z,75.67,48.7,102.08
2025-12-01T00:00:00Z,71.34,46.63,97.33
2025-12-01T01:00:00Z,68.11,39.51,92.95
2025-12-01T02:00:00Z,72.54,45.02,96.9
2025-12-01T03:00:00Z,66.49,38.23,90.47
2025-12-01T04:00:00Z,79.63,54.9,105.85
2025-12-01T05:00:00Z,101.28,70.61,134.02
2025-12-01T06:00:00Z,107.64,61.79,144.68
2025-12-01T07:00:00Z,112.6,67.64,148.71
2025-12-01T08:00:00Z,113.49,70.56,147.41
2025-12-01T09:00:00Z,110.12,67.44,145.31
2025-12-01T10:00:00Z,114.73,68.94,151.64
2025-12-01T11:00:00Z,117.24,74.26,153.48
2025-12-01T12:00:00Z,120.18,72.44,158.13
2025-12-01T13:00:00Z,120.42,76.1,157.63
2025-12-01T14:00:00Z,121.98,82.86,158.7
2025-12-01T15:00:00Z,130.89,83.45,165.59
2025-12-01T16:00:00Z,152.62,100.55,186.27
2025-12-01T17:00:00Z,145.82,92.0,185.9
2025-12-01T18:00:00Z,134.78,81.67,179.24
2025-12-01T19:00:00Z,117.5,68.35,157.03
2025-12-01T20:00:00Z,119.32,81.03,147.29
2025-12-01T21:00:00Z,106.8,76.63,130.72
2025-12-01T22:00:00Z,91.8,67.56,115.54
2025-12-01T23:00:00Z,94.69,67.72,121.09
2025-12-02T00:00:00Z,91.03,66.31,117.01
2025-12-02T01:00:00Z,90.04,61.44,114.88
2025-12-02T02:00:00Z,87.69,60.17,112.05
2025-12-02T03:00:00Z,84.83,56.57,108.81
2025-12-02T04:00:00Z,88.82,64.09,115.03
2025-12-02T05:00:00Z,103.82,73.15,136.56
2025-12-02T06:00:00Z,165.76,119.91,202.8
2025-12-02T07:00:00Z,208.68,163.72,244.79
2025-12-02T08:00:00Z,159.02,116.09,192.94
2025-12-02T09:00:00Z,143.5,100.82,178.68
2025-12-02T10:00:00Z,134.37,88.58,171.27
2025-12-02T11:00:00Z,132.47,89.49,168.71
2025-12-02T12:00:00Z,129.37,81.63,167.32
2025-12-02T13:00:00Z,145.88,101.55,183.08
2025-12-02T14:00:00Z,162.15,123.03,198.87
2025-12-02T15:00:00Z,166.72,119.28,201.42
2025-12-02T16:00:00Z,171.07,119.0,204.72
2025-12-02T17:00:00Z,169.65,115.84,209.73
2025-12-02T18:00:00Z,156.76,103.65,201.23
2025-12-02T19:00:00Z,130.05,80.91,169.58
2025-12-02T20:00:00Z,124.01,85.72,151.98
2025-12-02T21:00:00Z,116.14,85.98,140.07
2025-12-02T22:00:00Z,98.02,73.77,121.76
2025-12-02T23:00:00Z,90.5,63.53,116.91
2025-12-03T00:00:00Z,78.05,53.33,104.03
2025-12-03T01:00:00Z,75.73,47.13,100.57
2025-12-03T02:00:00Z,77.34,49.82,101.7
2025-12-03T03:00:00Z,75.36,47.11,99.35
2025-12-03T04:00:00Z,86.76,62.03,112.97
2025-12-03T05:00:00Z,116.86,86.19,149.6
2025-12-03T06:00:00Z,162.56,116.71,199.6
2025-12-03T07:00:00Z,184.24,139.28,220.35
2025-12-03T08:00:00Z,149.26,106.33,183.18
2025-12-03T09:00:00Z,143.1,100.42,178.28
2025-12-03T10:00:00Z,139.8,94.0,176.7
2025-12-03T11:00:00Z,134.07,91.09,170.31
2025-12-03T12:00:00Z,145.06,97.32,183.01
2025-12-03T13:00:00Z,154.73,110.41,191.93
2025-12-03T14:00:00Z,219.05,179.93,255.77
2025-12-03T15:00:00Z,232.39,184.95,267.09
2025-12-03T16:00:00Z,247.26,195.19,280.91
2025-12-03T17:00:00Z,254.86,201.05,294.94
2025-12-03T18:00:00Z,232.67,179.56,277.14
2025-12-03T19:00:00Z,175.11,125.97,214.64
2025-12-03T20:00:00Z,129.94,91.64,157.9
2025-12-03T21:00:00Z,120.79,90.63,144.72
2025-12-03T22:00:00Z,97.44,73.19,121.18
2025-12-03T23:00:00Z,91.84,64.88,118.25
2025-12-04T00:00:00Z,82.34,57.63,108.32
2025-12-04T01:00:00Z,83.52,54.92,108.35
2025-12-04T02:00:00Z,77.1,49.58,101.46
2025-12-04T03:00:00Z,77.37,49.11,101.35
2025-12-04T04:00:00Z,93.17,68.44,119.38
2025-12-04T05:00:00Z,143.99,113.33,176.73
2025-12-04T06:00:00Z,211.98,166.13,249.02
2025-12-04T07:00:00Z,229.77,184.81,265.88
2025-12-04T08:00:00Z,210.92,167.99,244.84
2025-12-04T09:00:00Z,176.5,133.82,211.68
2025-12-04T10:00:00Z,157.61,111.82,194.51
2025-12-04T11:00:00Z,151.92,108.94,188.16
2025-12-04T12:00:00Z,169.34,121.59,207.29
2025-12-04T13:00:00Z,192.38,148.05,229.58
2025-12-04T14:00:00Z,224.96,185.85,261.68
2025-12-04T15:00:00Z,324.17,276.74,358.87
2025-12-04T16:00:00Z,274.97,222.9,308.63
2025-12-04T17:00:00Z,250.52,196.71,290.6
2025-12-04T18:00:00Z,175.8,122.69,220.27
2025-12-04T19:00:00Z,156.8,107.65,196.33
2025-12-04T20:00:00Z,147.24,108.95,175.21
2025-12-04T21:00:00Z,130.75,100.58,154.67
2025-12-04T22:00:00Z,110.67,86.42,134.41
2025-12-04T23:00:00Z,98.15,71.18,124.55
2025-12-05T00:00:00Z,101.56,76.85,127.54
2025-12-05T01:00:00Z,83.39,54.79,108.23
2025-12-05T02:00:00Z,81.67,54.15,106.03
2025-12-05T03:00:00Z,92.43,64.18,116.42
2025-12-05T04:00:00Z,99.86,75.13,126.08
2025-12-05T05:00:00Z,146.25,115.59,179.0
2025-12-05T06:00:00Z,172.0,126.15,209.04
2025-12-05T07:00:00Z,212.34,167.38,248.45
2025-12-05T08:00:00Z,190.82,147.88,224.73
2025-12-05T09:00:00Z,163.99,121.31,199.17
2025-12-05T10:00:00Z,163.25,117.46,200.15
2025-12-05T11:00:00Z,162.45,119.47,198.7
2025-12-05T12:00:00Z,165.56,117.81,203.51
2025-12-05T13:00:00Z,172.72,128.4,209.93
2025-12-05T14:00:00Z,188.3,149.18,225.02
2025-12-05T15:00:00Z,190.27,142.84,224.97
2025-12-05T16:00:00Z,194.29,142.22,227.94
2025-12-05T17:00:00Z,192.99,139.18,233.07
2025-12-05T18:00:00Z,165.28,112.17,209.75
2025-12-05T19:00:00Z,126.98,77.83,166.51
2025-12-05T20:00:00Z,106.68,68.39,134.65
2025-12-05T21:00:00Z,114.37,84.2,138.3
2025-12-05T22:00:00Z,103.51,79.27,127.25
2025-12-05T23:00:00Z,94.68,67.71,121.09
2025-12-06T00:00:00Z,95.56,70.84,121.54
2025-12-06T01:00:00Z,89.06,60.46,113.9
2025-12-06T02:00:00Z,84.23,56.71,108.6
2025-12-06T03:00:00Z,92.35,64.09,116.33
2025-12-06T04:00:00Z,97.2,72.47,123.42
2025-12-06T05:00:00Z,110.34,79.68,143.09
2025-12-06T06:00:00Z,149.1,103.25,186.13
2025-12-06T07:00:00Z,160.11,115.15,196.22
2025-12-06T08:00:00Z,156.77,113.84,190.69
2025-12-06T09:00:00Z,148.91,106.23,184.09
2025-12-06T10:00:00Z,130.55,84.76,167.45
2025-12-06T11:00:00Z,131.66,88.68,167.91
2025-12-06T12:00:00Z,123.39,75.65,161.34
2025-12-06T13:00:00Z,118.36,74.04,155.57
2025-12-06T14:00:00Z,118.83,79.71,155.54
2025-12-06T15:00:00Z,121.43,74.0,156.13
2025-12-06T16:00:00Z,125.01,72.94,158.66
2025-12-06T17:00:00Z,113.21,59.39,153.28
2025-12-06T18:00:00Z,108.89,55.78,153.36
2025-12-06T19:00:00Z,101.56,52.42,141.09
2025-12-06T20:00:00Z,86.06,47.77,114.03
2025-12-06T21:00:00Z,82.46,52.3,106.39
2025-12-06T22:00:00Z,79.69,55.44,103.43
2025-12-06T23:00:00Z,79.7,52.73,106.11
2025-12-07T00:00:00Z,73.23,48.52,99.21
2025-12-07T01:00:00Z,68.76,40.15,93.59
2025-12-07T02:00:00Z,65.97,38.45,90.33
2025-12-07T03:00:00Z,66.31,38.05,90.29
2025-12-07T04:00:00Z,63.17,38.44,89.38
2025-12-07T05:00:00Z,61.63,30.96,94.37
2025-12-07T06:00:00Z,57.37,11.52,94.41
2025-12-07T07:00:00Z,57.89,12.93,94.0
2025-12-07T08:00:00Z,72.55,29.61,106.46
2025-12-07T09:00:00Z,74.01,31.33,109.19
2025-12-07T10:00:00Z,68.07,22.28,104.97
2025-12-07T11:00:00Z,69.16,26.18,105.41
2025-12-07T12:00:00Z,71.5,23.75,109.45
2025-12-07T13:00:00Z,74.99,30.67,112.2
2025-12-07T14:00:00Z,82.1,42.98,118.81
2025-12-07T15:00:00Z,98.78,51.35,133.48
2025-12-07T16:00:00Z,98.9,46.83,132.55
2025-12-07T17:00:00Z,94.85,41.03,134.92
2025-12-07T18:00:00Z,104.43,51.32,148.89
2025-12-07T19:00:00Z,97.0,47.85,136.52
2025-12-07T20:00:00Z,87.35,49.06,115.32
2025-12-07T21:00:00Z,83.81,53.64,107.73
2025-12-07T22:00:00Z,76.7,52.45,100.44
2025-12-07T23:00:00Z,59.52,32.55,85.93
2025-12-08T00:00:00Z,60.35,35.64,86.33
2025-12-08T01:00:00Z,54.99,26.39,79.83
2025-12-08T02:00:00Z,55.02,27.5,79.38
2025-12-08T03:00:00Z,60.35,32.09,84.33
2025-12-08T04:00:00Z,65.93,41.2,92.15
2025-12-08T05:00:00Z,85.74,55.08,118.49
2025-12-08T06:00:00Z,113.62,67.77,150.66
2025-12-08T07:00:00Z,124.0,79.04,160.11
2025-12-08T08:00:00Z,125.64,82.71,159.56
2025-12-08T09:00:00Z,116.59,73.91,151.77
2025-12-08T10:00:00Z,118.11,72.32,155.01
2025-12-08T11:00:00Z,118.99,76.01,155.23
2025-12-08T12:00:00Z,120.36,72.62,158.31
2025-12-08T13:00:00Z,125.85,81.53,163.06
2025-12-08T14:00:00Z,138.64,99.52,175.36
2025-12-08T15:00:00Z,138.24,90.81,172.95
2025-12-08T16:00:00Z,151.82,99.75,185.47
2025-12-08T17:00:00Z,144.15,90.34,184.23
2025-12-08T18:00:00Z,130.1,76.99,174.57
2025-12-08T19:00:00Z,107.5,58.35,147.03
2025-12-08T20:00:00Z,92.16,53.87,120.13
2025-12-08T21:00:00Z,79.15,48.99,103.08
2025-12-08T22:00:00Z,63.77,39.52,87.5
2025-12-08T23:00:00Z,56.01,29.05,82.42
2025-12-09T00:00:00Z,38.05,13.33,64.03
2025-12-09T01:00:00Z,32.66,4.06,57.5
2025-12-09T02:00:00Z,35.41,7.89,59.77
2025-12-09T03:00:00Z,41.74,13.48,65.72
2025-12-09T04:00:00Z,54.06,29.33,80.28
2025-12-09T05:00:00Z,79.86,49.2,112.6
2025-12-09T06:00:00Z,117.56,71.71,154.59
2025-12-09T07:00:00Z,136.77,91.81,172.88
2025-12-09T08:00:00Z,130.02,87.08,163.93
2025-12-09T09:00:00Z,125.52,82.84,160.7
2025-12-09T10:00:00Z,109.2,63.41,146.1
2025-12-09T11:00:00Z,110.17,67.18,146.41
2025-12-09T12:00:00Z,124.37,76.63,162.32
2025-12-09T13:00:00Z,134.93,90.61,172.14
2025-12-09T14:00:00Z,143.98,104.87,180.7
2025-12-09T15:00:00Z,187.39,139.96,222.1
2025-12-09T16:00:00Z,196.71,144.63,230.36
2025-12-09T17:00:00Z,188.03,134.21,228.11
2025-12-09T18:00:00Z,159.32,106.21,203.79
2025-12-09T19:00:00Z,127.99,78.85,167.52
2025-12-09T20:00:00Z,107.9,69.6,135.87
2025-12-09T21:00:00Z,101.71,71.54,125.64
2025-12-09T22:00:00Z,90.22,65.97,113.96
2025-12-09T23:00:00Z,76.06,49.1,102.47
2025-12-10T00:00:00Z,77.49,52.78,103.47
2025-12-10T01:00:00Z,80.57,51.97,105.41
2025-12-10T02:00:00Z,86.75,59.23,111.11
2025-12-10T03:00:00Z,84.98,56.72,108.96
2025-12-10T04:00:00Z,95.73,71.01,121.95
2025-12-10T05:00:00Z,120.88,90.22,153.62
2025-12-10T06:00:00Z,147.59,101.73,184.62
2025-12-10T07:00:00Z,203.07,158.11,239.18
2025-12-10T08:00:00Z,166.7,123.77,200.61
2025-12-10T09:00:00Z,137.63,94.95,172.81
2025-12-10T10:00:00Z,133.27,87.48,170.17
2025-12-10T11:00:00Z,127.23,84.25,163.47
2025-12-10T12:00:00Z,133.5,85.75,171.45
2025-12-10T13:00:00Z,132.35,88.03,169.56
2025-12-10T14:00:00Z,137.83,98.72,174.55
2025-12-10T15:00:00Z,139.81,92.38,174.51
2025-12-10T16:00:00Z,147.72,95.65,181.37
2025-12-10T17:00:00Z,135.29,81.48,175.37
2025-12-10T18:00:00Z,129.61,76.5,174.08
2025-12-10T19:00:00Z,118.96,69.81,158.48
2025-12-10T20:00:00Z,97.89,59.59,125.85
2025-12-10T21:00:00Z,92.87,62.71,116.8
2025-12-10T22:00:00Z,76.04,51.8,99.78
2025-12-10T23:00:00Z,59.48,32.51,85.89
2025-12-11T00:00:00Z,54.2,29.48,80.18
2025-12-11T01:00:00Z,46.96,18.36,71.8
2025-12-11T02:00:00Z,50.36,22.84,74.72
2025-12-11T03:00:00Z,58.13,29.87,82.11
2025-12-11T04:00:00Z,75.78,51.05,102.0
2025-12-11T05:00:00Z,96.46,65.79,129.2
2025-12-11T06:00:00Z,118.84,72.99,155.88
2025-12-11T07:00:00Z,148.02,103.06,184.13
2025-12-11T08:00:00Z,148.48,105.55,182.4
2025-12-11T09:00:00Z,124.66,81.98,159.84
2025-12-11T10:00:00Z,119.27,73.47,156.17
2025-12-11T11:00:00Z,109.48,66.5,145.73
2025-12-11T12:00:00Z,117.29,69.54,155.24
2025-12-11T13:00:00Z,123.17,78.85,160.37
2025-12-11T14:00:00Z,135.75,96.63,172.47
2025-12-11T15:00:00Z,149.23,101.79,183.93
2025-12-11T16:00:00Z,153.81,101.74,187.46
2025-12-11T17:00:00Z,149.94,96.12,190.01
2025-12-11T18:00:00Z,147.5,94.39,191.97
2025-12-11T19:00:00Z,113.38,64.23,152.9
2025-12-11T20:00:00Z,102.94,64.65,130.91
2025-12-11T21:00:00Z,91.29,61.13,115.22
2025-12-11T22:00:00Z,78.07,53.82,101.81
2025-12-11T23:00:00Z,74.41,47.45,100.82
2025-12-12T00:00:00Z,75.66,50.94,101.64
2025-12-12T01:00:00Z,74.45,45.85,99.28
2025-12-12T02:00:00Z,81.01,53.49,105.37
2025-12-12T03:00:00Z,81.1,52.84,105.08
2025-12-12T04:00:00Z,93.97,69.24,120.19
2025-12-12T05:00:00Z,109.5,78.84,142.25
2025-12-12T06:00:00Z,130.79,84.94,167.82
2025-12-12T07:00:00Z,150.29,105.33,186.4
2025-12-12T08:00:00Z,147.71,104.78,181.63
2025-12-12T09:00:00Z,127.07,84.39,162.25
2025-12-12T10:00:00Z,125.33,79.53,162.23
2025-12-12T11:00:00Z,122.35,79.37,158.59
2025-12-12T12:00:00Z,130.07,82.33,168.03
2025-12-12T13:00:00Z,113.17,68.85,150.38
2025-12-12T14:00:00Z,131.38,92.26,168.1
2025-12-12T15:00:00Z,156.49,109.06,191.19
2025-12-12T16:00:00Z,169.91,117.84,203.56
2025-12-12T17:00:00Z,152.84,99.02,192.91
2025-12-12T18:00:00Z,134.02,80.91,178.49
2025-12-12T19:00:00Z,113.02,63.87,152.54
2025-12-12T20:00:00Z,104.14,65.84,132.1
2025-12-12T21:00:00Z,97.83,67.67,121.76
2025-12-12T22:00:00Z,93.61,69.37,117.35
2025-12-12T23:00:00Z,64.97,38.0,91.38
2025-12-13T00:00:00Z,65.05,40.34,91.03
2025-12-13T01:00:00Z,69.14,40.54,93.97
2025-12-13T02:00:00Z,75.01,47.49,99.37
2025-12-13T03:00:00Z,75.06,46.8,99.04
2025-12-13T04:00:00Z,73.76,49.04,99.98
2025-12-13T05:00:00Z,77.32,46.66,110.07
2025-12-13T06:00:00Z,95.94,50.09,132.98
2025-12-13T07:00:00Z,100.22,55.27,136.34
2025-12-13T08:00:00Z,94.4,51.46,128.31
2025-12-13T09:00:00Z,85.33,42.65,120.51
2025-12-13T10:00:00Z,83.92,38.12,120.82
2025-12-13T11:00:00Z,75.98,33.0,112.23
2025-12-13T12:00:00Z,82.68,34.94,120.63
2025-12-13T13:00:00Z,83.21,38.89,120.42
2025-12-13T14:00:00Z,95.02,55.9,131.74
2025-12-13T15:00:00Z,112.43,64.99,147.13
2025-12-13T16:00:00Z,112.39,60.32,146.04
2025-12-13T17:00:00Z,109.26,55.44,149.33
2025-12-13T18:00:00Z,101.65,48.54,146.12
2025-12-13T19:00:00Z,80.01,30.87,119.54
2025-12-13T20:00:00Z,76.65,38.35,104.62
2025-12-13T21:00:00Z,71.38,41.21,95.3
2025-12-13T22:00:00Z,57.08,32.83,80.82
2025-12-13T23:00:00Z,49.23,22.26,75.64
2025-12-14T00:00:00Z,44.05,19.34,70.03
2025-12-14T01:00:00Z,36.95,8.34,61.78
2025-12-14T02:00:00Z,36.72,9.2,61.08
2025-12-14T03:00:00Z,36.4,8.14,60.38
2025-12-14T04:00:00Z,35.15,10.42,61.37
2025-12-14T05:00:00Z,21.07,-9.59,53.82
2025-12-14T06:00:00Z,27.23,-18.63,64.26
2025-12-14T07:00:00Z,50.56,5.6,86.67
2025-12-14T08:00:00Z,65.3,22.36,99.21
2025-12-14T09:00:00Z,61.97,19.28,97.15
2025-12-14T10:00:00Z,61.34,15.55,98.24
2025-12-14T11:00:00Z,60.37,17.39,96.62
2025-12-14T12:00:00Z,60.58,12.84,98.53
2025-12-14T13:00:00Z,63.86,19.53,101.06
2025-12-14T14:00:00Z,76.5,37.38,113.22
2025-12-14T15:00:00Z,83.7,36.27,118.4
2025-12-14T16:00:00Z,89.31,37.23,122.96
2025-12-14T17:00:00Z,85.36,31.54,125.43
2025-12-14T18:00:00Z,78.48,25.37,122.95
2025-12-14T19:00:00Z,64.49,15.34,104.02
2025-12-14T20:00:00Z,56.11,17.81,84.07
2025-12-14T21:00:00Z,55.69,25.53,79.62
2025-12-14T22:00:00Z,48.8,24.56,72.54
2025-12-14T23:00:00Z,54.24,27.27,80.65
2025-12-15T00:00:00Z,59.34,34.62,85.32
2025-12-15T01:00:00Z,54.07,25.47,78.91
2025-12-15T02:00:00Z,50.33,22.81,74.69
2025-12-15T03:00:00Z,51.45,23.19,75.43
2025-12-15T04:00:00Z,46.79,22.07,73.01
2025-12-15T05:00:00Z,66.32,35.66,99.06
2025-12-15T06:00:00Z,76.26,30.41,113.3
2025-12-15T07:00:00Z,87.81,42.86,123.93
2025-12-15T08:00:00Z,80.73,37.8,114.65
2025-12-15T09:00:00Z,77.99,35.31,113.18
2025-12-15T10:00:00Z,79.39,33.6,116.3
2025-12-15T11:00:00Z,78.5,35.51,114.74
2025-12-15T12:00:00Z,85.37,37.63,123.32
2025-12-15T13:00:00Z,85.23,40.9,122.43
2025-12-15T14:00:00Z,104.16,65.04,140.88
2025-12-15T15:00:00Z,119.6,72.16,154.3
2025-12-15T16:00:00Z,129.92,77.85,163.57
2025-12-15T17:00:00Z,123.3,69.48,163.37
2025-12-15T18:00:00Z,106.43,53.32,150.9
2025-12-15T19:00:00Z,96.04,46.89,135.57
2025-12-15T20:00:00Z,88.5,50.2,116.46
2025-12-15T21:00:00Z,79.84,49.67,103.77
2025-12-15T22:00:00Z,64.15,39.9,87.89
2025-12-15T23:00:00Z,62.24,35.27,88.65
2025-12-16T00:00:00Z,58.87,34.16,84.85
2025-12-16T01:00:00Z,58.79,30.19,83.63
2025-12-16T02:00:00Z,59.69,32.17,84.05
2025-12-16T03:00:00Z,67.81,39.55,91.79
2025-12-16T04:00:00Z,71.82,47.09,98.03
2025-12-16T05:00:00Z,90.5,59.84,123.24
2025-12-16T06:00:00Z,105.94,60.09,142.98
2025-12-16T07:00:00Z,137.37,92.41,173.48
2025-12-16T08:00:00Z,127.75,84.82,161.67
2025-12-16T09:00:00Z,114.37,71.69,149.55
2025-12-16T10:00:00Z,85.93,40.14,122.83
2025-12-16T11:00:00Z,84.84,41.86,121.09
2025-12-16T12:00:00Z,94.89,47.15,132.84
2025-12-16T13:00:00Z,100.89,56.57,138.1
2025-12-16T14:00:00Z,112.98,73.86,149.7
2025-12-16T15:00:00Z,126.54,79.11,161.24
2025-12-16T16:00:00Z,127.17,75.1,160.82
2025-12-16T17:00:00Z,118.84,65.03,158.92
2025-12-16T18:00:00Z,103.19,50.08,147.66
2025-12-16T19:00:00Z,84.67,35.52,124.2
2025-12-16T20:00:00Z,78.78,40.49,106.75
2025-12-16T21:00:00Z,80.14,49.98,104.07
2025-12-16T22:00:00Z,71.65,47.4,95.39
2025-12-16T23:00:00Z,71.69,44.72,98.09
2025-12-17T00:00:00Z,67.27,42.55,93.25
2025-12-17T01:00:00Z,65.04,36.44,89.87
2025-12-17T02:00:00Z,65.02,37.5,89.38
2025-12-17T03:00:00Z,67.01,38.75,90.99
2025-12-17T04:00:00Z,69.52,44.8,95.74
2025-12-17T05:00:00Z,79.72,49.05,112.46
2025-12-17T06:00:00Z,91.99,46.13,129.02
2025-12-17T07:00:00Z,104.5,59.54,140.61
2025-12-17T08:00:00Z,97.7,54.77,131.62
2025-12-17T09:00:00Z,84.2,41.51,119.38
2025-12-17T10:00:00Z,86.15,40.35,123.05
2025-12-17T11:00:00Z,85.86,42.88,122.11
2025-12-17T12:00:00Z,89.19,41.45,127.14
2025-12-17T13:00:00Z,102.94,58.61,140.14
2025-12-17T14:00:00Z,119.46,80.34,156.18
2025-12-17T15:00:00Z,127.43,80.0,162.14
2025-12-17T16:00:00Z,148.78,96.71,182.43
2025-12-17T17:00:00Z,121.3,67.49,161.38
2025-12-17T18:00:00Z,119.08,65.97,163.55
2025-12-17T19:00:00Z,105.46,56.31,144.98
2025-12-17T20:00:00Z,94.23,55.94,122.2
2025-12-17T21:00:00Z,95.94,65.78,119.87
2025-12-17T22:00:00Z,70.89,46.64,94.63
2025-12-17T23:00:00Z,49.22,22.25,75.63
2025-12-18T00:00:00Z,52.09,27.38,78.07
2025-12-18T01:00:00Z,50.31,21.71,75.15
2025-12-18T02:00:00Z,50.28,22.76,74.64
2025-12-18T03:00:00Z,53.19,24.93,77.17
2025-12-18T04:00:00Z,60.14,35.41,86.36
2025-12-18T05:00:00Z,69.29,38.62,102.03
2025-12-18T06:00:00Z,81.67,35.82,118.7
2025-12-18T07:00:00Z,82.83,37.88,118.95
2025-12-18T08:00:00Z,91.76,48.83,125.68
2025-12-18T09:00:00Z,80.51,37.83,115.69
2025-12-18T10:00:00Z,73.97,28.18,110.87
2025-12-18T11:00:00Z,65.46,22.48,101.71
2025-12-18T12:00:00Z,77.28,29.54,115.23
2025-12-18T13:00:00Z,89.89,45.57,127.1
2025-12-18T14:00:00Z,91.22,52.1,127.94
2025-12-18T15:00:00Z,102.0,54.56,136.7
2025-12-18T16:00:00Z,96.14,44.07,129.79
2025-12-18T17:00:00Z,93.3,39.48,133.37
2025-12-18T18:00:00Z,76.14,23.03,120.61
2025-12-18T19:00:00Z,81.83,32.68,121.36
2025-12-18T20:00:00Z,83.45,45.16,111.42
2025-12-18T21:00:00Z,77.42,47.26,101.35
2025-12-18T22:00:00Z,66.23,41.98,89.96
2025-12-18T23:00:00Z,53.13,26.17,79.54
2025-12-19T00:00:00Z,35.64,10.93,61.62
2025-12-19T01:00:00Z,34.48,5.88,59.32
2025-12-19T02:00:00Z,29.19,1.67,53.55
2025-12-19T03:00:00Z,27.27,-0.98,51.26
2025-12-19T04:00:00Z,31.32,6.59,57.53
2025-12-19T05:00:00Z,36.39,5.73,69.14
2025-12-19T06:00:00Z,58.89,13.04,95.93
2025-12-19T07:00:00Z,81.74,36.78,117.85
2025-12-19T08:00:00Z,74.49,31.56,108.41
2025-12-19T09:00:00Z,60.58,17.9,95.76
2025-12-19T10:00:00Z,59.17,13.38,96.07
2025-12-19T11:00:00Z,53.98,11.0,90.23
2025-12-19T12:00:00Z,56.34,8.6,94.29
2025-12-19T13:00:00Z,90.63,46.31,127.83
2025-12-19T14:00:00Z,109.3,70.19,146.02
2025-12-19T15:00:00Z,109.58,62.15,144.28
2025-12-19T16:00:00Z,99.9,47.83,133.55
2025-12-19T17:00:00Z,81.31,27.49,121.38
2025-12-19T18:00:00Z,64.33,11.22,108.8
2025-12-19T19:00:00Z,56.04,6.89,95.57
2025-12-19T20:00:00Z,53.52,15.22,81.48
2025-12-19T21:00:00Z,48.0,17.83,71.92
2025-12-19T22:00:00Z,30.64,6.39,54.38
2025-12-19T23:00:00Z,22.26,-4.71,48.67
2025-12-20T00:00:00Z,17.58,-7.13,43.57
2025-12-20T01:00:00Z,19.11,-9.49,43.95
2025-12-20T02:00:00Z,20.0,-7.52,44.37
2025-12-20T03:00:00Z,21.18,-7.08,45.17
2025-12-20T04:00:00Z,26.05,1.32,52.26
2025-12-20T05:00:00Z,26.29,-4.38,59.03
2025-12-20T06:00:00Z,35.74,-10.11,72.78
2025-12-20T07:00:00Z,55.9,10.94,92.01
2025-12-20T08:00:00Z,54.6,11.67,88.52
2025-12-20T09:00:00Z,53.39,10.71,88.57
2025-12-20T10:00:00Z,52.57,6.78,89.47
2025-12-20T11:00:00Z,55.95,12.97,92.2
2025-12-20T12:00:00Z,54.66,6.91,92.61
2025-12-20T13:00:00Z,47.22,2.9,84.43
2025-12-20T14:00:00Z,50.55,11.43,87.27
2025-12-20T15:00:00Z,55.95,8.52,90.65
2025-12-20T16:00:00Z,56.13,4.05,89.78
2025-12-20T17:00:00Z,55.41,1.59,95.48
2025-12-20T18:00:00Z,55.24,2.13,99.71
2025-12-20T19:00:00Z,53.24,4.09,92.77
2025-12-20T20:00:00Z,50.92,12.62,78.88
2025-12-20T21:00:00Z,52.9,22.74,76.83
2025-12-20T22:00:00Z,50.24,25.99,73.98
2025-12-20T23:00:00Z,44.57,17.61,70.98
2025-12-21T00:00:00Z,34.57,9.85,60.55
2025-12-21T01:00:00Z,37.35,8.75,62.19
2025-12-21T02:00:00Z,35.86,8.34,60.22
2025-12-21T03:00:00Z,34.77,6.52,58.76
2025-12-21T04:00:00Z,43.77,19.05,69.99
2025-12-21T05:00:00Z,51.11,20.45,83.86
2025-12-21T06:00:00Z,62.08,16.23,99.11
2025-12-21T07:00:00Z,68.72,23.76,104.83
2025-12-21T08:00:00Z,72.72,29.79,106.64
2025-12-21T09:00:00Z,76.76,34.08,111.94
2025-12-21T10:00:00Z,74.95,29.16,111.85
2025-12-21T11:00:00Z,82.86,39.88,119.11
2025-12-21T12:00:00Z,85.92,38.18,123.87
2025-12-21T13:00:00Z,92.45,48.13,129.66
2025-12-21T14:00:00Z,88.01,48.89,124.73
2025-12-21T15:00:00Z,83.6,36.16,118.3
2025-12-21T16:00:00Z,84.8,32.72,118.45
2025-12-21T17:00:00Z,87.75,33.93,127.82
2025-12-21T18:00:00Z,75.2,22.09,119.67
2025-12-21T19:00:00Z,60.24,11.09,99.77
2025-12-21T20:00:00Z,53.45,15.15,81.41
2025-12-21T21:00:00Z,50.37,20.21,74.3
2025-12-21T22:00:00Z,39.12,14.88,62.86
2025-12-21T23:00:00Z,54.75,27.78,81.16
2025-12-22T00:00:00Z,47.25,22.54,73.23
2025-12-22T01:00:00Z,49.91,21.31,74.75
2025-12-22T02:00:00Z,47.73,20.21,72.09
2025-12-22T03:00:00Z,47.06,18.8,71.04
2025-12-22T04:00:00Z,52.68,27.95,78.89
2025-12-22T05:00:00Z,68.63,37.97,101.38
2025-12-22T06:00:00Z,86.17,40.32,123.21
2025-12-22T07:00:00Z,88.59,43.64,124.71
2025-12-22T08:00:00Z,90.55,47.62,124.47
2025-12-22T09:00:00Z,85.56,42.88,120.74
2025-12-22T10:00:00Z,80.21,34.42,117.11
2025-12-22T11:00:00Z,78.08,35.09,114.32
2025-12-22T12:00:00Z,85.51,37.77,123.46
2025-12-22T13:00:00Z,93.32,49.0,130.53
2025-12-22T14:00:00Z,104.98,65.86,141.7
2025-12-22T15:00:00Z,103.79,56.36,138.49
2025-12-22T16:00:00Z,91.06,38.98,124.71
2025-12-22T17:00:00Z,95.35,41.54,135.43
2025-12-22T18:00:00Z,90.57,37.47,135.04
2025-12-22T19:00:00Z,80.6,31.45,120.12
2025-12-22T20:00:00Z,68.39,30.1,96.36
2025-12-22T21:00:00Z,66.41,36.25,90.34
2025-12-22T22:00:00Z,58.66,34.42,82.4
2025-12-22T23:00:00Z,61.79,34.82,88.19
2025-12-23T00:00:00Z,56.48,31.76,82.46
2025-12-23T01:00:00Z,57.11,28.51,81.95
2025-12-23T02:00:00Z,54.63,27.11,78.99
2025-12-23T03:00:00Z,59.58,31.33,83.57
2025-12-23T04:00:00Z,66.93,42.2,93.15
2025-12-23T05:00:00Z,79.35,48.68,112.09
2025-12-23T06:00:00Z,91.22,45.37,128.26
2025-12-23T07:00:00Z,96.94,51.98,133.05
2025-12-23T08:00:00Z,91.17,48.24,125.08
2025-12-23T09:00:00Z,88.6,45.92,123.78
2025-12-23T10:00:00Z,87.8,42.0,124.7
2025-12-23T11:00:00Z,85.18,42.2,121.42
2025-12-23T12:00:00Z,85.7,37.96,123.65
2025-12-23T13:00:00Z,112.1,67.78,149.31
2025-12-23T14:00:00Z,120.42,81.3,157.14
2025-12-23T15:00:00Z,136.26,88.83,170.97
2025-12-23T16:00:00Z,146.04,93.97,179.7
2025-12-23T17:00:00Z,127.14,73.33,167.22
2025-12-23T18:00:00Z,116.02,62.91,160.49
2025-12-23T19:00:00Z,104.96,55.81,144.49
2025-12-23T20:00:00Z,101.68,63.39,129.65
2025-12-23T21:00:00Z,101.57,71.41,125.5
2025-12-23T22:00:00Z,83.1,58.86,106.84
2025-12-23T23:00:00Z,75.41,48.44,101.81
2025-12-24T00:00:00Z,68.51,43.79,94.49
2025-12-24T01:00:00Z,69.8,41.2,94.64
2025-12-24T02:00:00Z,68.16,40.64,92.52
2025-12-24T03:00:00Z,67.64,39.38,91.62
2025-12-24T04:00:00Z,64.23,39.5,90.45
2025-12-24T05:00:00Z,78.91,48.25,111.66
2025-12-24T06:00:00Z,96.38,50.53,133.41
2025-12-24T07:00:00Z,107.27,62.32,143.39
2025-12-24T08:00:00Z,109.67,66.73,143.58
2025-12-24T09:00:00Z,106.07,63.39,141.25
2025-12-24T10:00:00Z,101.61,55.82,138.51
2025-12-24T11:00:00Z,94.2,51.21,130.44
2025-12-24T12:00:00Z,91.87,44.12,129.82
2025-12-24T13:00:00Z,89.91,45.58,127.11
2025-12-24T14:00:00Z,103.09,63.97,139.81
2025-12-24T15:00:00Z,101.48,54.05,136.19
2025-12-24T16:00:00Z,94.75,42.68,128.4
2025-12-24T17:00:00Z,95.98,42.16,136.05
2025-12-24T18:00:00Z,93.81,40.7,138.28
2025-12-24T19:00:00Z,77.21,28.07,116.74
2025-12-24T20:00:00Z,64.92,26.62,92.89
2025-12-24T21:00:00Z,60.77,30.6,84.7
2025-12-24T22:00:00Z,46.81,22.56,70.55
2025-12-24T23:00:00Z,16.4,-10.57,42.81
2025-12-25T00:00:00Z,20.47,-4.24,46.45
2025-12-25T01:00:00Z,20.8,-7.81,45.63
2025-12-25T02:00:00Z,12.96,-14.56,37.32
2025-12-25T03:00:00Z,12.58,-15.67,36.57
2025-12-25T04:00:00Z,11.73,-13.0,37.94
2025-12-25T05:00:00Z,21.49,-9.18,54.23
2025-12-25T06:00:00Z,29.4,-16.46,66.43
2025-12-25T07:00:00Z,47.64,2.68,83.75
2025-12-25T08:00:00Z,40.75,-2.18,74.67
2025-12-25T09:00:00Z,27.47,-15.21,62.65
2025-12-25T10:00:00Z,15.35,-30.45,52.25
2025-12-25T11:00:00Z,13.28,-29.71,49.52
2025-12-25T12:00:00Z,14.58,-33.16,52.53
2025-12-25T13:00:00Z,20.77,-23.56,57.97
2025-12-25T14:00:00Z,41.33,2.22,78.05
2025-12-25T15:00:00Z,41.89,-5.54,76.59
2025-12-25T16:00:00Z,43.96,-8.11,77.61
2025-12-25T17:00:00Z,37.6,-16.22,77.67
2025-12-25T18:00:00Z,26.54,-26.56,71.01
2025-12-25T19:00:00Z,25.51,-23.64,65.03
2025-12-25T20:00:00Z,26.39,-11.91,54.35
2025-12-25T21:00:00Z,22.05,-8.11,45.98
2025-12-25T22:00:00Z,20.03,-4.22,43.77
2025-12-25T23:00:00Z,11.61,-15.36,38.02
2025-12-26T00:00:00Z,11.62,-13.09,37.6
2025-12-26T01:00:00Z,14.11,-14.49,38.95
2025-12-26T02:00:00Z,13.39,-14.13,37.75
2025-12-26T03:00:00Z,12.07,-16.19,36.05
2025-12-26T04:00:00Z,12.35,-12.37,38.57
2025-12-26T05:00:00Z,6.97,-23.69,39.71
2025-12-26T06:00:00Z,19.01,-26.84,56.05
2025-12-26T07:00:00Z,15.65,-29.31,51.76
2025-12-26T08:00:00Z,19.14,-23.79,53.05
2025-12-26T09:00:00Z,15.21,-27.47,50.39
2025-12-26T10:00:00Z,7.8,-37.99,44.71
2025-12-26T11:00:00Z,2.19,-40.79,38.43
2025-12-26T12:00:00Z,7.06,-40.68,45.01
2025-12-26T13:00:00Z,11.25,-33.07,48.46
2025-12-26T14:00:00Z,44.23,5.12,80.95
2025-12-26T15:00:00Z,65.2,17.77,99.9
2025-12-26T16:00:00Z,69.35,17.28,103.0
2025-12-26T17:00:00Z,66.83,13.01,106.9
2025-12-26T18:00:00Z,59.67,6.56,104.14
2025-12-26T19:00:00Z,61.04,11.89,100.57
2025-12-26T20:00:00Z,47.09,8.79,75.06
2025-12-26T21:00:00Z,48.55,18.39,72.48
2025-12-26T22:00:00Z,41.06,16.82,64.8
2025-12-26T23:00:00Z,56.61,29.64,83.01
2025-12-27T00:00:00Z,49.18,24.46,75.16
2025-12-27T01:00:00Z,48.29,19.69,73.13
2025-12-27T02:00:00Z,43.84,16.32,68.2
2025-12-27T03:00:00Z,43.18,14.92,67.17
2025-12-27T04:00:00Z,41.76,17.03,67.97
2025-12-27T05:00:00Z,39.98,9.31,72.72
2025-12-27T06:00:00Z,48.01,2.16,85.05
2025-12-27T07:00:00Z,47.07,2.11,83.18
2025-12-27T08:00:00Z,53.1,10.17,87.02
2025-12-27T09:00:00Z,52.41,9.73,87.59
2025-12-27T10:00:00Z,50.95,5.16,87.85
2025-12-27T11:00:00Z,45.87,2.89,82.11
2025-12-27T12:00:00Z,50.07,2.32,88.02
2025-12-27T13:00:00Z,63.24,18.92,100.45
2025-12-27T14:00:00Z,72.91,33.79,109.63
2025-12-27T15:00:00Z,85.09,37.66,119.79
2025-12-27T16:00:00Z,72.24,20.17,105.89
2025-12-27T17:00:00Z,81.13,27.31,121.2
2025-12-27T18:00:00Z,81.39,28.28,125.86
2025-12-27T19:00:00Z,66.88,17.73,106.41
2025-12-27T20:00:00Z,65.86,27.56,93.83
2025-12-27T21:00:00Z,65.87,35.7,89.8
2025-12-27T22:00:00Z,51.57,27.32,75.31
2025-12-27T23:00:00Z,47.27,20.31,73.68
2025-12-28T00:00:00Z,39.17,14.46,65.15
2025-12-28T01:00:00Z,34.79,6.19,59.63
2025-12-28T02:00:00Z,29.14,1.62,53.5
2025-12-28T03:00:00Z,32.2,3.95,56.19
2025-12-28T04:00:00Z,26.12,1.39,52.33
2025-12-28T05:00:00Z,31.53,0.87,64.28
2025-12-28T06:00:00Z,44.96,-0.89,82.0
2025-12-28T07:00:00Z,50.79,5.83,86.9
2025-12-28T08:00:00Z,53.28,10.35,87.19
2025-12-28T09:00:00Z,31.4,-11.29,66.58
2025-12-28T10:00:00Z,34.05,-11.74,70.95
2025-12-28T11:00:00Z,40.46,-2.53,76.7
2025-12-28T12:00:00Z,42.71,-5.04,80.66
2025-12-28T13:00:00Z,53.7,9.38,90.91
2025-12-28T14:00:00Z,69.13,30.02,105.85
2025-12-28T15:00:00Z,76.95,29.52,111.65
2025-12-28T16:00:00Z,75.84,23.77,109.49
2025-12-28T17:00:00Z,81.44,27.62,121.51
2025-12-28T18:00:00Z,75.83,22.72,120.29
2025-12-28T19:00:00Z,71.39,22.25,110.92
2025-12-28T20:00:00Z,62.77,24.47,90.73
2025-12-28T21:00:00Z,63.2,33.04,87.13
2025-12-28T22:00:00Z,53.24,28.99,76.98
2025-12-28T23:00:00Z,54.49,27.53,80.9
2025-12-29T00:00:00Z,53.73,29.02,79.71
2025-12-29T01:00:00Z,47.9,19.29,72.73
2025-12-29T02:00:00Z,49.42,21.91,73.79
2025-12-29T03:00:00Z,49.5,21.24,73.48
2025-12-29T04:00:00Z,52.17,27.44,78.39
2025-12-29T05:00:00Z,65.53,34.87,98.27
2025-12-29T06:00:00Z,86.48,40.63,123.52
2025-12-29T07:00:00Z,85.23,40.27,121.34
2025-12-29T08:00:00Z,81.47,38.54,115.39
2025-12-29T09:00:00Z,69.06,26.38,104.24
2025-12-29T10:00:00Z,67.73,21.93,104.63
2025-12-29T11:00:00Z,56.73,13.74,92.97
2025-12-29T12:00:00Z,59.65,11.91,97.6
2025-12-29T13:00:00Z,66.17,21.84,103.37
2025-12-29T14:00:00Z,80.33,41.21,117.05
2025-12-29T15:00:00Z,78.05,30.62,112.75
2025-12-29T16:00:00Z,75.96,23.89,109.61
2025-12-29T17:00:00Z,81.64,27.82,121.71
2025-12-29T18:00:00Z,77.83,24.72,122.3
2025-12-29T19:00:00Z,75.69,26.54,115.21
2025-12-29T20:00:00Z,76.26,37.97,104.23
2025-12-29T21:00:00Z,74.99,44.83,98.92
2025-12-29T22:00:00Z,56.87,32.62,80.61
2025-12-29T23:00:00Z,53.87,26.9,80.27
2025-12-30T00:00:00Z,55.54,30.83,81.52
2025-12-30T01:00:00Z,54.44,25.84,79.28
2025-12-30T02:00:00Z,53.07,25.55,77.43
2025-12-30T03:00:00Z,57.88,29.63,81.87
2025-12-30T04:00:00Z,61.13,36.4,87.34
2025-12-30T05:00:00Z,71.39,40.73,104.13
2025-12-30T06:00:00Z,76.95,31.1,113.99
2025-12-30T07:00:00Z,84.46,39.5,120.57
2025-12-30T08:00:00Z,84.88,41.94,118.79
2025-12-30T09:00:00Z,72.41,29.73,107.59
2025-12-30T10:00:00Z,65.4,19.61,102.3
2025-12-30T11:00:00Z,62.71,19.72,98.95
2025-12-30T12:00:00Z,58.97,11.23,96.92
2025-12-30T13:00:00Z,80.68,36.36,117.89
2025-12-30T14:00:00Z,87.58,48.47,124.3
2025-12-30T15:00:00Z,95.78,48.35,130.48
2025-12-30T16:00:00Z,102.06,49.99,135.72
2025-12-30T17:00:00Z,101.78,47.97,141.86
2025-12-30T18:00:00Z,100.43,47.32,144.9
2025-12-30T19:00:00Z,85.77,36.63,125.3
2025-12-30T20:00:00Z,81.04,42.74,109.0
2025-12-30T21:00:00Z,80.33,50.16,104.25
2025-12-30T22:00:00Z,77.12,52.87,100.85
2025-12-30T23:00:00Z,68.64,41.67,95.05
2025-12-31T00:00:00Z,62.29,37.57,88.27
2025-12-31T01:00:00Z,59.47,30.87,84.3
2025-12-31T02:00:00Z,55.18,27.66,79.54
2025-12-31T03:00:00Z,54.0,25.74,77.98
2025-12-31T04:00:00Z,57.99,33.26,84.2
2025-12-31T05:00:00Z,74.44,43.78,107.19
2025-12-31T06:00:00Z,84.95,39.1,121.99
2025-12-31T07:00:00Z,90.38,45.42,126.49
2025-12-31T08:00:00Z,87.43,44.5,121.34
2025-12-31T09:00:00Z,78.16,35.48,113.34
2025-12-31T10:00:00Z,67.27,21.48,104.17
2025-12-31T11:00:00Z,58.48,15.5,94.72
2025-12-31T12:00:00Z,55.4,7.66,93.35
2025-12-31T13:00:00Z,72.21,27.88,109.41
2025-12-31T14:00:00Z,90.79,51.67,127.51
2025-12-31T15:00:00Z,94.36,46.93,129.06
2025-12-31T16:00:00Z,95.67,43.6,129.32
2025-12-31T17:00:00Z,103.39,49.58,143.47
2025-12-31T18:00:00Z,98.42,45.31,142.89
2025-12-31T19:00:00Z,92.03,42.89,131.56
2025-12-31T20:00:00Z,80.64,42.34,108.6
2025-12-31T21:00:00Z,76.41,46.25,100.34
2025-12-31T22:00:00Z,79.74,55.5,103.48
2025-12-31T23:00:00Z,70.62,43.66,97.03
